rank,song,artist,year
1.0,Bad Day,daniel powter,2006
2.0,Temperature,sean paul,2006
3.0,Promiscuous,nelly furtado feat. timbaland,2006
4.0,You're Beautiful,james blunt,2006
5.0,Hips Don't Lie,shakira feat. wyclef jean,2006
6.0,Unwritten,natasha bedingfield,2006
7.0,Crazy,gnarls barkley,2006
8.0,Ridin',chamillionaire feat. krayzie bone,2006
9.0,Sexyback,justin timberlake,2006
10.0,Check on It,beyonce feat. slim thug,2006
11.0,Be without You,mary j. blige,2006
12.0,Grillz,"nelly feat. paul wall, ali and gipp",2006
13.0,Over My Head (Cable Car),the fray,2006
14.0,Me & U,cassie,2006
15.0,Buttons,the pussycat dolls feat. snoop dogg,2006
16.0,Run It!,chris brown,2006
17.0,So Sick,ne-yo,2006
18.0,It's Goin' Down,yung joc,2006
19.0,SOS,rihanna,2006
20.0,I Write Sins not Tragedies,panic! at the disco,2006
21.0,Move Along,the all-american rejects,2006
22.0,London Bridge,fergie,2006
23.0,Dani California,red hot chili peppers,2006
24.0,Snap Yo Fingers,lil jon feat. e-40 and sean paul of the youngbloodz,2006
25.0,"Lean Wit It, Rock Wit It",dem franchize boyz feat. lil peanut and charlay,2006
26.0,What Hurts the Most,rascal flatts,2006
27.0,How to Save a Life,the fray,2006
28.0,Unfaithful,rihanna,2006
29.0,Chasing Cars,snow patrol,2006
30.0,Lips of an Angel,hinder,2006
31.0,Everytime We Touch,cascada,2006
32.0,Ain't no Other Man,christina aguilera,2006
33.0,"Dance, Dance",fall out boy,2006
34.0,Gold Digger,kanye west feat. jamie foxx,2006
35.0,Money Maker,ludacris feat. pharrell,2006
36.0,Ms. New Booty,bubba sparxxx feat. ying yang twins and mr. collipark,2006
37.0,(When You Gonna) Give It Up To Me,sean paul feat. keyshia cole,2006
38.0,Photograph,nickelback,2006
39.0,Because of You,kelly clarkson,2006
40.0,Stickwitu,the pussycat dolls,2006
41.0,I'n N Luv (Wit a Stripper),t-pain feat. mike jones,2006
42.0,My Humps,the black eyed peas,2006
43.0,Where'd You Go,fort minor feat. holly brook,2006
44.0,Yo (Excuse Me Miss),chris brown,2006
45.0,Walk Away,kelly clarkson,2006
46.0,Laffy Taffy,d4l,2006
47.0,What you Know,t.i.,2006
48.0,Dirty Little Secret,the all-american rejects,2006
49.0,Savin' Me,nickelback,2006
50.0,Don't Forget About Us,mariah carey,2006
51.0,Sexy Love,ne-yo,2006
52.0,U and Dat,e-40 feat. t-pain and kandi girl,2006
53.0,Far Away,nickelback,2006
54.0,What's Left of Me,nick lachey,2006
55.0,So What,field mob feat. ciara,2006
56.0,Do it to It,cherish feat. sean paul of the youngbloodz,2006
57.0,Black Horse & the Cherry Tree,kt tunstall,2006
58.0,There it Go! (The Whistle Song),juelz santana,2006
59.0,Shoulder Lean!,young dro feat. t.i.,2006
60.0,Unpredictable,jamie foxx feat. ludacris,2006
61.0,My Love,justin timberlake feat. t.i.,2006
62.0,Shake That,eminem feat. nate dogg,2006
63.0,Pullin' Me Back,chingy feat. tyrese,2006
64.0,Bossy,kelis feat. too $hort,2006
65.0,Chain Hang Low,jibbs,2006
66.0,Smack That,akon feat. eminem,2006
67.0,One Wish,ray j,2006
68.0,Sugar We're Goin' Down,fall out boy,2006
69.0,Gimme That,chris brown feat. lil' wayne,2006
70.0,I Know You See It,yung joc feat. brandy 'ms. b.' hambrick,2006
71.0,Who Says you can't Go Home,bon jovi,2006
72.0,Too Little Too Late,jojo,2006
73.0,Touch It,busta rhymes,2006
74.0,Rompe,daddy yankee,2006
75.0,Deja Vu,beyonce feat. jay-z,2006
76.0,Life is a Highway,rascal flatts,2006
77.0,Call me When You're Sober,evanescence,2006
78.0,"Jesus, take the Wheel",carrie underwood,2006
79.0,Show Stopper,danity kane,2006
80.0,Get Up,ciara feat. chamillionaire,2006
81.0,We be Burnin',sean paul,2006
82.0,Hate Me,blue october,2006
83.0,You and Me,lifehouse,2006
84.0,Beep,the pussycat dolls feat. will.i.am,2006
85.0,I Think They Like Me,"dem franchize boyz feat. jermaine dupri, da brat and bow wow",2006
86.0,Say Goodbye,chris brown,2006
87.0,Waiting on the World to Change,john mayer,2006
88.0,Soul Survivor,young jeezy feat. akon,2006
89.0,Pump It,the black eyed peas,2006
90.0,When I'm Gone,eminem,2006
91.0,Hung Up,madonna,2006
92.0,Stay Fly,three 6 mafia feat. young buck and eightball and mjg,2006
93.0,Love,keyshia cole,2006
94.0,When You're Mad,ne-yo,2006
95.0,Why You Wanna,t.i.,2006
96.0,Stupid Girls,pink,2006
97.0,Feel Good Inc,gorillaz,2006
98.0,I'm Sprung,t-pain,2006
99.0,Do I Make you Proud,taylor hicks,2006
100.0,For You I Will (Condience),teddy geiger,2006
1.0,Irreplaceable,beyonce,2007
2.0,Umbrella,rihanna feat. jay-z,2007
3.0,The Sweet Escape,gwen stefani feat. akon,2007
4.0,Big Girls Don't Cry,fergie,2007
5.0,Buy U A Drank,t-pain feat. yung joc,2007
6.0,Before He Cheats,carrie underwood,2007
7.0,Hey There Delilah,plain white t's,2007
8.0,I Wanna Love You,akon feat. snoop dogg,2007
9.0,Say It Right,nelly furtado,2007
10.0,Glamorous,fergie feat. ludacris,2007
11.0,Don't Matter,akon,2007
12.0,Girlfriend,avril lavigne,2007
13.0,Makes Me Wonder,maroon 5,2007
14.0,Party Like A Rockstar,shop boyz,2007
15.0,Smack That,akon feat. eminem,2007
16.0,This Is Why I'm Hot,mims,2007
17.0,It's Not Over,daughtry,2007
18.0,The Way I Are,timbaland feat. keri hilson,2007
19.0,Fergalicious,fergie,2007
20.0,Crank That (Soulja Boy),soulja boy tell'em,2007
21.0,Give It To Me,timbaland feat. nelly furtado & justin timberlake,2007
22.0,What Goes Around…Comes Around,justin timberlake,2007
23.0,Cupid's Chokehold/Breakfast In America,gym class heroes feat. patrick stump,2007
24.0,How To Save A Life,the fray,2007
25.0,Home,daughtry,2007
26.0,My Love,justin timberlake feat. t.i.,2007
27.0,Stronger,kanye west,2007
28.0,We Fly High,jim jones,2007
29.0,U + Ur Hand,pink,2007
30.0,Walk It Out,unk,2007
31.0,Beautiful Girls,sean kingston,2007
32.0,"This Ain't A Scene, It's An Arms Race",fall out boy,2007
33.0,Bartender,t-pain feat. akon,2007
34.0,"Pop, Lock & Drop It",huey,2007
35.0,Runaway Love,ludacris feat. mary j. blige,2007
36.0,Rockstar,nickelback,2007
37.0,Thnks Fr Th Mmrs,fall out boy,2007
38.0,What I've Done,linkin park,2007
39.0,Summer Love,justin timberlake,2007
40.0,You,lloyd feat. lil' wayne,2007
41.0,Wait For You,elliott yamin,2007
42.0,Last Night,diddy feat. keyshia cole,2007
43.0,Make It Rain,fat joe feat. lil wayne,2007
44.0,Make Me Better,fabolous feat. ne-yo,2007
45.0,Ice Box,omarion,2007
46.0,Lips Of An Angel,hinder,2007
47.0,Waiting On The World To Change,john mayer,2007
48.0,Lost Without U,robin thicke,2007
49.0,I'm A Flirt,r. kelly or bow wow (feat. t.i. & t-pain),2007
50.0,If Everyone Cared,nickelback,2007
51.0,Get It Shawty,lloyd,2007
52.0,Face Down,the red jumpsuit apparatus,2007
53.0,The Way I Live,baby boy da prince feat. lil boosie,2007
54.0,Shortie Like Mine,bow wow feat. chris brown & johnta austin,2007
55.0,It Ends Tonight,the all-american rejects,2007
56.0,A Bay Bay,hurricane chris,2007
57.0,Because Of You,ne-yo,2007
58.0,I Tried,bone thugs-n-harmony feat. akon,2007
59.0,Welcome To The Black Parade,my chemical romance,2007
60.0,Shawty,plies feat. t-pain,2007
61.0,Chasing Cars,snow patrol,2007
62.0,Beautiful Liar,beyonce & shakira,2007
63.0,Sexyback,justin timberlake,2007
64.0,Keep Holding On,avril lavigne,2007
65.0,Let It Go,keyshia cole feat. missy elliott & lil kim,2007
66.0,Apologize,timbaland feat. onerepublic,2007
67.0,Bubbly,colbie caillat,2007
68.0,Like A Boy,ciara,2007
69.0,Who Knew,pink,2007
70.0,Never Again,kelly clarkson,2007
71.0,Promise,ciara,2007
72.0,Bed,j. holiday,2007
73.0,Throw Some D's,rich boy feat. polow da don,2007
74.0,Rehab,amy winehouse,2007
75.0,Big Things Poppin' (Do It),t.i.,2007
76.0,No One,alicia keys,2007
77.0,The Great Escape,boys like girls,2007
78.0,2 Step,unk,2007
79.0,Walk Away (Remember Me),paula deanda feat. the dey,2007
80.0,Go Getta,young jeezy feat. r. kelly,2007
81.0,Here (In Your Arms),hellogoodbye,2007
82.0,On The Hotline,pretty ricky,2007
83.0,Wind It Up,gwen stefani,2007
84.0,Cyclone,baby bash feat. t-pain,2007
85.0,Break It Off,rihanna & sean paul,2007
86.0,First Time,lifehouse,2007
87.0,Ayo Technology,50 cent feat. justin timberlake & timbaland,2007
88.0,Outta My System,bow wow feat. t-pain & johnta austin,2007
89.0,Teardrops On My Guitar,taylor swift,2007
90.0,Shut Up And Drive,rihanna,2007
91.0,Snow ((Hey Oh)),red hot chili peppers,2007
92.0,Money Maker,ludacris feat. pharrell,2007
93.0,Kiss Kiss,chris brown feat. t-pain,2007
94.0,Far Away,nickelback,2007
95.0,Rock Yo Hips,crime mob feat. lil scrappy,2007
96.0,Lovestoned,justin timberlake,2007
97.0,Better Than Me,hinder,2007
98.0,Paralyzer,finger eleven,2007
99.0,That's That,snoop dogg feat. r. kelly,2007
100.0,Same Girl,r. kelly and usher,2007
1.0,Low,flo rida feat. t-pain,2008
2.0,Bleeding Love,leona lewis,2008
3.0,No One,alicia keys,2008
4.0,Lollipop,lil wayne feat. static major,2008
5.0,Apologize,timbaland feat. onerepublic,2008
6.0,No Air,jordin sparks duet with chris brown,2008
7.0,Love Song,sara bareilles,2008
8.0,Love In This Club,usher feat. young jeezy,2008
9.0,With You,chris brown,2008
10.0,Forever,chris brown,2008
11.0,Sexy Can I,ray j and yung berg,2008
12.0,Take A Bow,rihanna,2008
13.0,Viva La Vida,coldplay,2008
14.0,I Kissed A Girl,katy perry,2008
15.0,Whatever You Like,t.i.,2008
16.0,Disturbia,rihanna,2008
17.0,Don't Stop the Music,rihanna,2008
18.0,Pocketful of Sunshine,natasha bedingfield,2008
19.0,Kiss Kiss,chris brown feat. t-pain,2008
20.0,Closer,ne-yo,2008
21.0,Bubbly,colbie caillat,2008
22.0,Touch My Body,mariah carey,2008
23.0,4 Minutes,madonna feat. justin timberlake,2008
24.0,So What,pink,2008
25.0,Paralyzer,finger eleven,2008
26.0,Clumsy,fergie,2008
27.0,I'm Yours,jason mraz,2008
28.0,Leavin',jesse mccartney,2008
29.0,Dangerous,kardinal offishall feat. akon,2008
30.0,Tattoo,jordin sparks,2008
31.0,See You Again,miley cyrus,2008
32.0,Shake It,metro station,2008
33.0,Stop And Stare,onerepublic,2008
34.0,Take You There,sean kingston,2008
35.0,Paper Planes,m.i.a.,2008
36.0,Hot N Cold,katy perry,2008
37.0,Live Your Life,t.i. feat. rihanna,2008
38.0,Bust It Baby Part 2,plies feat. ne-yo,2008
39.0,American Boy,estelle feat. kanye west,2008
40.0,Got Money,lil wayne feat. t-pain,2008
41.0,Our Song,taylor swift,2008
42.0,Damaged,danity kane,2008
43.0,A Milli,lil wayne,2008
44.0,Sorry,buckcherry,2008
45.0,Independent,webbie feat. lil' phat & lil' boosie,2008
46.0,Can't Believe It,t-pain feat. lil wayne,2008
47.0,Like You'll Never See Me Again,alicia keys,2008
48.0,Teardrops On My Guitar,taylor swift,2008
49.0,When I Grow Up,the pussycat dolls,2008
50.0,Sensual Seduction,snoop dogg,2008
51.0,What You Got,colby o'donis feat. akon,2008
52.0,It's Not My Time,3 doors down,2008
53.0,Better In Time,leona lewis,2008
54.0,Crank That (Soulja Boy),soulja boy tell'em,2008
55.0,Shadow Of The Day,linkin park,2008
56.0,Sweetest Girl (Dollar Bill),"wyclef jean feat. akon, lil wayne & niia",2008
57.0,Miss Independent,ne-yo,2008
58.0,Fall For You,secondhand serenade,2008
59.0,In The Ayer,flo rida feat. will.i.am,2008
60.0,Say,john mayer,2008
61.0,One Step at A Time,jordin sparks,2008
62.0,Hate That I Love You,rihanna feat. ne-yo,2008
63.0,Superstar,lupe fiasco feat. matthew santos,2008
64.0,Suffocate,j. holiday,2008
65.0,Let It Rock,kevin rudolf feat. lil wayne,2008
66.0,Get Like Me,david banner feat. chris brown,2008
67.0,Realize,colbie caillat,2008
68.0,Put On,young jeezy feat. kanye west,2008
69.0,The Time Of My Life,david cook,2008
70.0,Lolli Lolli (Pop That Body),"three 6 mafia feat. project pat, young d and superpower",2008
71.0,Cyclone,baby bash feat. t-pain,2008
72.0,Love Like This,natasha bedingfield feat. sean kingston,2008
73.0,Burnin' Up,jonas brothers,2008
74.0,Love Lockdown,kanye west,2008
75.0,I Luv Your Girl,the-dream,2008
76.0,Crush,david archuleta,2008
77.0,Hypnotized,plies feat. akon,2008
78.0,Big Girls Don't Cry,fergie,2008
79.0,Good Life,kanye west feat. t-pain,2008
80.0,Womanizer,britney spears,2008
81.0,Love Story,taylor swift,2008
82.0,Just Fine,mary j. blige,2008
83.0,Piece Of Me,britney spears,2008
84.0,The Boss,rick ross feat. t-pain,2008
85.0,All Summer Long,kid rock,2008
86.0,Can't Help But Wait,trey songz,2008
87.0,In Love With A Girl,gavin degraw,2008
88.0,My Life,the game feat. lil wayne,2008
89.0,I Remember,keyshia cole,2008
90.0,Flashing Lights,kanye west feat. dwele,2008
91.0,Mrs. Officer,lil wayne feat. bobby valentino & kidd kidd,2008
92.0,7 Things,miley cyrus,2008
93.0,You're Gonna Miss This,trace adkins,2008
94.0,Love Remains The Same,gavin rossdale,2008
95.0,Feels Like Tonight,daughtry,2008
96.0,The Way I Are,timbaland feat. keri hilson,2008
97.0,Addicted,saving abel,2008
98.0,Into The Night,santana feat. chad kroeger,2008
99.0,Heaven Sent,keyshia cole,2008
100.0,She Got It,2 pistols feat. t-pain and tay dizm,2008
1.0,Boom Boom Pow,the black eyed peas,2009
2.0,Poker Face,lady gaga,2009
3.0,Just Dance,lady gaga feat. colby o'donis,2009
4.0,I Gotta Feeling,the black eyed peas,2009
5.0,Love Story,taylor swift,2009
6.0,Right Round,flo rida,2009
7.0,I'm Yours,jason mraz,2009
8.0,Single Ladies (Put A Ring On It),beyonce,2009
9.0,Heartless,kanye west,2009
10.0,Gives You Hell,the all-american rejects,2009
11.0,You Belong With Me,taylor swift,2009
12.0,Dead And Gone,t.i. feat. justin timberlake,2009
13.0,You Found Me,the fray,2009
14.0,Use Somebody,kings of leon,2009
15.0,Knock You Down,keri hilson feat. kanye west and ne-yo,2009
16.0,Blame It,jamie foxx feat. t-pain,2009
17.0,I Know You Want Me (Calle Ocho),pitbull,2009
18.0,Live Your Life,t.i. feat. rihanna,2009
19.0,Kiss Me Thru The Phone,soulja boy tell 'em feat. sammie,2009
20.0,Down,jay sean feat. lil wayne,2009
21.0,The Climb,miley cyrus,2009
22.0,Best I Ever Had,drake,2009
23.0,My Life Would Suck Without You,kelly clarkson,2009
24.0,Halo,beyonce,2009
25.0,Hot n Cold,katy perry,2009
26.0,Second Chance,shinedown,2009
27.0,Circus,britney spears,2009
28.0,Day 'n' Nite,kid cudi,2009
29.0,Party in the U.S.A.,miley cyrus,2009
30.0,Don't Trust Me,3oh!3,2009
31.0,Run This Town,"jay-z, rihanna and kanye west",2009
32.0,Let It Rock,kevin rudolf feat. lil wayne,2009
33.0,Fire Burning,sean kingston,2009
34.0,Whatcha Say,jason derulo,2009
35.0,Lovegame,lady gaga,2009
36.0,Waking Up In Vegas,katy perry,2009
37.0,Birthday Sex,jeremih,2009
38.0,Sober,pink,2009
39.0,Womanizer,britney spears,2009
40.0,Whatever You Like,t.i.,2009
41.0,Obsessed,mariah carey,2009
42.0,Mad,ne-yo,2009
43.0,Good Girls Go Bad,cobra starship feat. leighton meester,2009
44.0,Love Lockdown,kanye west,2009
45.0,So What,pink,2009
46.0,Hotel Room Service,pitbull,2009
47.0,Crack A Bottle,"eminem, dr. dre and 50 cent",2009
48.0,If I Were A Boy,beyonce,2009
49.0,Turning Me On,keri hilson feat. lil wayne,2009
50.0,I Hate This Part,the pussycat dolls,2009
51.0,Gotta Be Somebody,nickelback,2009
52.0,Please Don't Leave Me,pink,2009
53.0,Paparazzi,lady gaga,2009
54.0,Beautiful,akon feat. colby o'donis and kardinal offishall,2009
55.0,Viva la Vida,coldplay,2009
56.0,Right Now (Na Na Na),akon,2009
57.0,Battlefield,jordin sparks,2009
58.0,Sugar,flo rida feat. wynter,2009
59.0,Miss Independent,ne-yo,2009
60.0,Fireflies,owl city,2009
61.0,New Divide,linkin park,2009
62.0,Empire State Of Mind,jay-z + alicia keys,2009
63.0,No Surprise,daughtry,2009
64.0,She Wolf,shakira,2009
65.0,Break Up,mario feat. gucci mane and sean garrett,2009
66.0,Sweet Dreams,beyonce,2009
67.0,Every Girl,young money,2009
68.0,Fallin' For You,colbie caillat,2009
69.0,Untouched,the veronicas,2009
70.0,If Today Was Your Last Day,nickelback,2009
71.0,Throw It In The Bag,fabolous feat. the-dream,2009
72.0,Love Drunk,boys like girls,2009
73.0,I Love College,asher roth,2009
74.0,If U Seek Amy,britney spears,2009
75.0,Big Green Tractor,jason aldean,2009
76.0,White Horse,taylor swift,2009
77.0,Disturbia,rihanna,2009
78.0,21 Guns,green day,2009
79.0,Turn My Swag On,soulja boy tell'em,2009
80.0,Rockin' That Thang,the-dream,2009
81.0,Chicken Fried,zac brown band,2009
82.0,Diva,beyonce,2009
83.0,Replay,iyaz,2009
84.0,Then,brad paisley,2009
85.0,Her Diamonds,rob thomas,2009
86.0,How Do You Sleep?,jesse mccartney feat. ludacris,2009
87.0,3,britney spears,2009
88.0,Forever,"drake feat. kanye west, lil wayne and eminem",2009
89.0,One Time,justin bieber,2009
90.0,I Run To You,lady antebellum,2009
91.0,I Do Not Hook Up,kelly clarkson,2009
92.0,Green Light,john legend feat. andre 3000,2009
93.0,People Are Crazy,billy currington,2009
94.0,Whatever It Is,zac brown band,2009
95.0,Already Gone,kelly clarkson,2009
96.0,Goodbye,kristinia debarge,2009
97.0,Say Hey (I Love You),michael franti and spearhead feat. cherine anderson,2009
98.0,Pop Champagne,jim jones and ron browz feat. juelz santana,2009
99.0,Pretty Wings,maxwell,2009
100.0,Never Say Never,the fray,2009
1.0,TiK ToK,ke$ha,2010
2.0,Need You Now,lady antebellum,2010
3.0,"Hey, Soul Sister",train,2010
4.0,California Gurls,katy perry feat. snoop dogg,2010
5.0,OMG,usher feat. will.i.am,2010
6.0,Airplanes,b.o.b feat. hayley williams,2010
7.0,Love The Way You Lie,eminem feat. rihanna,2010
8.0,Bad Romance,lady gaga,2010
9.0,Dynamite,taio cruz,2010
10.0,Break Your Heart,taio cruz feat. ludacris,2010
11.0,Nothin' On You,b.o.b feat. bruno mars,2010
12.0,I Like It,enrique iglesias feat. pitbull,2010
13.0,Bedrock,young money feat. lloyd,2010
14.0,In My Head,jason derulo,2010
15.0,Rude Boy,rihanna,2010
16.0,Telephone,lady gaga feat. beyonce,2010
17.0,Teenage Dream,katy perry,2010
18.0,Just The Way You Are,bruno mars,2010
19.0,Cooler Than Me,mike posner,2010
20.0,Imma Be,black eyed peas,2010
21.0,Empire State of Mind,jay-z and alicia keys,2010
22.0,DJ Got Us Fallin' in Love,usher feat. pitbull,2010
23.0,Billionaire,travie mccoy feat. bruno mars,2010
24.0,Not Afraid,eminem,2010
25.0,Replay,iyaz,2010
26.0,Sexy Chick,david guetta feat. akon,2010
27.0,Breakeven,the script,2010
28.0,Your Love Is My Drug,ke$ha,2010
29.0,I Gotta Feeling,black eyed peas,2010
30.0,Fireflies,owl city,2010
31.0,Say Aah,trey songz feat. fabolous,2010
32.0,Find Your Love,drake,2010
33.0,Alejandro,lady gaga,2010
34.0,Ridin' Solo,jason derulo,2010
35.0,Just A Dream,nelly,2010
36.0,How Low,ludacris,2010
37.0,Like A G6,far east movement feat. the cataracs and dev,2010
38.0,Carry Out,timbaland feat. justin timberlake,2010
39.0,Haven't Met You Yet,michael buble,2010
40.0,Club Can't Handle Me,flo rida feat. david guetta,2010
41.0,Down,jay sean feat. lil wayne,2010
42.0,Bulletproof,la roux,2010
43.0,Whatcha Say,jason derulo,2010
44.0,Baby,justin bieber feat. ludacris,2010
45.0,Whataya Want From Me,adam lambert,2010
46.0,Mine,taylor swift,2010
47.0,Only Girl (In The World),rihanna,2010
48.0,Live Like We're Dying,kris allen,2010
49.0,Hard,rihanna feat. jeezy,2010
50.0,Young Forever,jay-z and mr. hudson,2010
51.0,Blah Blah Blah,ke$ha feat. 3oh!3,2010
52.0,Bottoms Up,trey songz feat. nicki minaj,2010
53.0,Do You Remember,jay sean feat. sean paul & lil jon,2010
54.0,All The Right Moves,onerepublic,2010
55.0,According To You,orianthi,2010
56.0,My Chick Bad,ludacris feat. nicki minaj,2010
57.0,You Belong With Me,taylor swift,2010
58.0,Meet Me Halfway,black eyed peas,2010
59.0,Take It Off,ke$ha,2010
60.0,Over,drake,2010
61.0,Animal,neon trees,2010
62.0,Misery,maroon 5,2010
63.0,Magic,b.o.b feat. rivers cuomo,2010
64.0,Paparazzi,lady gaga,2010
65.0,Tie Me Down,new boyz feat. ray j,2010
66.0,Your Love,nicki minaj,2010
67.0,Party In The U.S.A.,miley cyrus,2010
68.0,Deuces,chris brown feat. tyga and kevin mccall,2010
69.0,3,britney spears,2010
70.0,Impossible,shontelle,2010
71.0,Forever,"drake feat. kanye west, lil wayne and eminem",2010
72.0,Two Is Better Than One,boys like girls feat. taylor swift,2010
73.0,My First Kiss,3oh!3 feat. ke$ha,2010
74.0,Already Gone,kelly clarkson,2010
75.0,Rock That Body,black eyed peas,2010
76.0,Secrets,onerepublic,2010
77.0,Naturally,selena gomez and the scene,2010
78.0,Un-Thinkable (I'm Ready),alicia keyes,2010
79.0,All I Do Is Win,"dj khaled feat. t-pain, ludacris, snoop dogg and rick ross",2010
80.0,I Made It (Cash Money Heroes),"kevin rudolf feat. birdman, jay sean, & lil wayne",2010
81.0,Stuck Like Glue,sugarland,2010
82.0,Hey Daddy (Daddy's Home),usher feat. plies,2010
83.0,There Goes My Baby,usher,2010
84.0,Today Was A Fairytale,taylor swift,2010
85.0,Say Something,timbaland feat. drake,2010
86.0,Sweet Dreams,beyonce,2010
87.0,Use Somebody,kings of leon,2010
88.0,Undo It,carrie underwood,2010
89.0,Eenie Meenie,sean kingston and justin bieber,2010
90.0,Right Above It,lil wayne feat. drake,2010
91.0,The House That Built Me,miranda lambert,2010
92.0,If I Die Young,the band perry,2010
93.0,The Only Exception,paramore,2010
94.0,American Honey,lady antebellum,2010
95.0,King Of Anything,sara bareilles,2010
96.0,Life After You,daughtry,2010
97.0,Smile,uncle kraker,2010
98.0,Teach Me How To Dougie,cali swag district,2010
99.0,Try Sleeping With A Broken Heart,alicia keyes,2010
100.0,"Lover, Lover",jerrod niemann,2010
1.0,Rolling In The Deep,adele,2011
2.0,Party Rock Anthem,lmfao feat. lauren bennett & goonrock,2011
3.0,Firework,katy perry,2011
4.0,E.T.,katy perry feat. kanye west,2011
5.0,Give Me Everything,"pitbull feat. ne-yo, afrojack & nayer",2011
6.0,Grenade,bruno mars,2011
7.0,F**K You (Forget You),cee lo green,2011
8.0,Super Bass,nicki minaj,2011
9.0,Moves Like Jagger,maroon 5 feat. christina aguilera,2011
10.0,Just Can't Get Enough,the black eyed peas,2011
11.0,On The Floor,jennifer lopez feat. pitbull,2011
12.0,S&M,rihanna,2011
13.0,Pumped Up Kicks,foster the people,2011
14.0,Last Friday Night (T.G.I.F.),katy perry,2011
15.0,Just The Way You Are,bruno mars,2011
16.0,Tonight (I'm Lovin' You),enrique iglesias feat. ludacris & dj frank e,2011
17.0,Raise Your Glass,p!nk,2011
18.0,Born This Way,lady gaga,2011
19.0,F**Kin' Perfect,p!nk,2011
20.0,What's My Name?,rihanna feat. drake,2011
21.0,Look At Me Now,chris brown feat. lil wayne & busta rhymes,2011
22.0,Down On Me,jeremih feat. 50 cent,2011
23.0,How To Love,lil wayne,2011
24.0,Someone Like You,adele,2011
25.0,Good Life,onerepublic,2011
26.0,The Lazy Song,bruno mars,2011
27.0,Till The World Ends,britney spears,2011
28.0,The Show Goes On,lupe fiasco,2011
29.0,The Edge Of Glory,lady gaga,2011
30.0,We R Who We R,ke$ha,2011
31.0,Black And Yellow,wiz khalifa,2011
32.0,Tonight Tonight,hot chelle rae,2011
33.0,Blow,ke$ha,2011
34.0,Lighters,bad meets evil feat. bruno mars,2011
35.0,If I Die Young,the band perry,2011
36.0,Stereo Hearts,gym class heroes feat. adam levine,2011
37.0,The Time (Dirty Bit),the black eyed peas,2011
38.0,Coming Home,diddy - dirty money feat. skylar grey,2011
39.0,Hey Baby (Drop It To The Floor),pitbull feat. t-pain,2011
40.0,Only Girl (In The World),rihanna,2011
41.0,6 Foot 7 Foot,lil wayne feat. cory gunz,2011
42.0,Just A Kiss,lady antebellum,2011
43.0,Dirt Road Anthem,jason aldean,2011
44.0,Dynamite,taio cruz,2011
45.0,No Hands,waka flocka flame feat. roscoe dash & wale,2011
46.0,I Wanna Go,britney spears,2011
47.0,I'm On One,"dj khaled feat. drake, rick ross & lil wayne",2011
48.0,You Make Me Feel...,cobra starship feat. sabi,2011
49.0,Yeah 3x,chris brown,2011
50.0,Moment 4 Life,nicki minaj feat. drake,2011
51.0,I Need A Doctor,dr. dre feat. eminem & skylar grey,2011
52.0,Just A Dream,nelly,2011
53.0,Motivation,kelly rowland feat. lil wayne,2011
54.0,Stereo Love,edward maya & vika jigulina,2011
55.0,Jar Of Hearts,christina perri,2011
56.0,Roll Up,wiz khalifa,2011
57.0,Sexy And I Know It,lmfao,2011
58.0,Rocketeer,far*east movement feat. ryan tedder,2011
59.0,All Of The Lights,kanye west,2011
60.0,Hold It Against Me,britney spears,2011
61.0,More,usher,2011
62.0,What The Hell,avril lavigne,2011
63.0,Written In The Stars,tinie tempah feat. eric turner,2011
64.0,Bottoms Up,trey songz feat. nicki minaj,2011
65.0,DJ Got Us Fallin' In Love,usher feat. pitbull,2011
66.0,For The First Time,the script,2011
67.0,Honey Bee,blake shelton,2011
68.0,Don't You Wanna Stay,jason aldean with kelly clarkson,2011
69.0,We Found Love,rihanna feat. calvin harris,2011
70.0,Pretty Girl Rock,keri hilson,2011
71.0,You And I,lady gaga,2011
72.0,Like A G6,far*east movement feat. cataracs & dev,2011
73.0,Without You,david guetta feat. usher,2011
74.0,Back To December,taylor swift,2011
75.0,Teenage Dream,katy perry,2011
76.0,Crazy Girl,eli young band,2011
77.0,Cheers (Drink To That),rihanna,2011
78.0,Who Says,selena gomez & the scene,2011
79.0,Barefoot Blue Jean Night,jake owen,2011
80.0,Knee Deep,zac brown band feat. jimmy buffett,2011
81.0,Country Girl (Shake It For Me),luke bryan,2011
82.0,Remind Me,brad paisley with carrie underwood,2011
83.0,In The Dark,dev,2011
84.0,Backseat,new boyz feat. the cataracs & dev,2011
85.0,Headlines,drake,2011
86.0,Best Thing I Never Had,beyonce,2011
87.0,Don't Wanna Go Home,jason derulo,2011
88.0,Where Them Girls At,david guetta feat. flo rida & nicki minaj,2011
89.0,She Ain't You,chris brown,2011
90.0,Take A Back Road,rodney atkins,2011
91.0,Please Don't Go,mike posner,2011
92.0,Sure Thing,miguel,2011
93.0,Price Tag,jessie j feat. b.o.b,2011
94.0,God Gave Me You,blake shelton,2011
95.0,She Will,lil wayne feat. drake,2011
96.0,Are You Gonna Kiss Me Or Not,thompson square,2011
97.0,Animal,neon trees,2011
98.0,You And Tequila,kenny chesney feat. grace potter,2011
99.0,Colder Weather,zac brown band,2011
100.0,My Last,big sean feat. chris brown,2011
1.0,SOMEBODY THAT I USED TO KNOW,gotye featuring kimbra,2012
2.0,CALL ME MAYBE,carly rae jepsen,2012
3.0,WE ARE YOUNG,fun. featuring janelle monae,2012
4.0,PAYPHONE,maroon 5 featuring wiz khalifa,2012
5.0,LIGHTS,ellie goulding,2012
6.0,GLAD YOU CAME,the wanted,2012
7.0,STRONGER (WHAT DOESN'T KILL YOU),kelly clarkson,2012
8.0,WE FOUND LOVE,rihanna featuring calvin harris,2012
9.0,STARSHIPS,nicki minaj,2012
10.0,WHAT MAKES YOU BEAUTIFUL,one direction,2012
11.0,WILD ONES,flo rida featuring sia,2012
12.0,SET FIRE TO THE RAIN,adele,2012
13.0,SEXY AND I KNOW IT,lmfao,2012
14.0,SOME NIGHTS,fun.,2012
15.0,WIDE AWAKE,katy perry,2012
16.0,GOOD FEELING,flo rida,2012
17.0,WHISTLE,flo rida,2012
18.0,ONE MORE NIGHT,maroon 5,2012
19.0,DRIVE BY,train,2012
20.0,THE MOTTO,drake featuring lil wayne,2012
21.0,WHERE HAVE YOU BEEN,rihanna,2012
22.0,EVERYBODY TALKS,neon trees,2012
23.0,TAKE CARE,drake featuring rihanna,2012
24.0,TITANIUM,david guetta featuring sia,2012
25.0,I WON'T GIVE UP,jason mraz,2012
26.0,IT WILL RAIN,bruno mars,2012
27.0,MERCY,"kanye west, big sean, pusha t, 2 chainz",2012
28.0,BOYFRIEND,justin bieber,2012
29.0,PARTY ROCK ANTHEM,lmfao featuring lauren bennett & goonrock,2012
30.0,TOO CLOSE,alex clare,2012
31.0,PART OF ME,katy perry,2012
32.0,"YOUNG, WILD & FREE",snoop dogg & wiz khalifa featuring bruno mars,2012
33.0,WE ARE NEVER EVER GETTING BACK TOGETHER,taylor swift,2012
34.0,AS LONG AS YOU LOVE ME,justin bieber featuring big sean,2012
35.0,TURN ME ON,david guetta featuring nicki minaj,2012
36.0,MOVES LIKE JAGGER,maroon 5 featuring christina aguilera,2012
37.0,BLOW ME (ONE LAST KISS),p!nk,2012
38.0,GOOD TIME,owl city & carly rae jepsen,2012
39.0,GIVE YOUR HEART A BREAK,demi lovato,2012
40.0,NI**AS IN PARIS,jay z kanye west,2012
41.0,THE ONE THAT GOT AWAY,katy perry,2012
42.0,FEEL SO CLOSE,calvin harris,2012
43.0,SOMEONE LIKE YOU,adele,2012
44.0,SCREAM,usher,2012
45.0,RACK CITY,tyga,2012
46.0,DOMINO,jessie j,2012
47.0,GANGNAM STYLE,psy,2012
48.0,INTERNATIONAL LOVE,pitbull featuring chris brown,2012
49.0,HOME,phillip phillips,2012
50.0,WITHOUT YOU,david guetta featuring usher,2012
51.0,ASS BACK HOME,gym class heroes featuring neon hitch,2012
52.0,WANTED,hunter hayes,2012
53.0,DRUNK ON YOU,luke bryan,2012
54.0,NO LIE,2 chainz featuring drake,2012
55.0,WANT U BACK,cher lloyd,2012
56.0,DON'T WAKE ME UP,chris brown,2012
57.0,DANCE (A$$),big sean featuring nicki minaj,2012
58.0,SPRINGSTEEN,eric church,2012
59.0,BROKENHEARTED,karmin,2012
60.0,NOT OVER YOU,gavin degraw,2012
61.0,STEREO HEARTS,gym class heroes featuring adam levine,2012
62.0,BACK IN TIME,pitbull,2012
63.0,WORK OUT,j. cole,2012
64.0,RUMOUR HAS IT,adele,2012
65.0,LET'S GO,calvin harris featuring ne-yo,2012
66.0,GOOD GIRL,carrie underwood,2012
67.0,PONTOON,little big town,2012
68.0,HO HEY,the lumineers,2012
69.0,PARADISE,coldplay,2012
70.0,BLOWN AWAY,carrie underwood,2012
71.0,ROLLING IN THE DEEP,adele,2012
72.0,CLIMAX,usher,2012
73.0,"WORK HARD, PLAY HARD",wiz khalifa,2012
74.0,LET ME LOVE YOU (UNTIL YOU LEARN TO LOVE YOURSELF),ne-yo,2012
75.0,POUND THE ALARM,nicki minaj,2012
76.0,COME OVER,kenny chesney,2012
77.0,HEART ATTACK,trey songz,2012
78.0,DRANK IN MY CUP,kirko bangz,2012
79.0,BIRTHDAY CAKE,rihanna featuring chris brown,2012
80.0,SO GOOD,b.o.b,2012
81.0,50 WAYS TO SAY GOODBYE,train,2012
82.0,RED SOLO CUP,toby keith,2012
83.0,LOVE YOU LIKE A LOVE SONG,selena gomez & the scene,2012
84.0,TURN UP THE MUSIC,chris brown,2012
85.0,DIE YOUNG,ke$ha,2012
86.0,5 O'CLOCK,t-pain featuring wiz khalifa & lily allen,2012
87.0,A THOUSAND YEARS,christina perri,2012
88.0,TAKE A LITTLE RIDE,jason aldean,2012
89.0,YOU DA ONE,rihanna,2012
90.0,WE RUN THE NIGHT,havana brown featuring pitbull,2012
91.0,IT'S TIME,imagine dragons,2012
92.0,CASHIN' OUT,ca$h out,2012
93.0,I DON'T WANT THIS NIGHT TO END,luke bryan,2012
94.0,DIAMONDS,rihanna,2012
95.0,HARD TO LOVE,lee brice,2012
96.0,SOMETHIN' 'BOUT A TRUCK,kip moore,2012
97.0,ADORN,miguel,2012
98.0,FLY OVER STATES,jason aldean,2012
99.0,EVEN IF IT BREAKS YOUR HEART,eli young band,2012
100.0,BURN IT DOWN,linkin park,2012
1.0,Thrift Shop,macklemore & ryan lewis featuring wanz,2013
2.0,Blurred Lines,robin thicke featuring pharrell williams & t.i.,2013
3.0,Radioactive,imagine dragons,2013
4.0,Harlem Shake,baauer,2013
5.0,Can't Hold Us,macklemore featuring ray dalton,2013
6.0,Mirrors,justin timberlake,2013
7.0,Just Give Me A Reason,pink,2013
8.0,When I Was Your Man,bruno mars,2013
9.0,Cruise,florida georgia line featuring nelly,2013
10.0,Roar,katy perry,2013
11.0,Locked Out Of Heaven,bruno mars,2013
12.0,Ho Hey,the lumineers,2013
13.0,Stay,rihanna featuring mikky ekko,2013
14.0,Get Lucky,daft punk featuring pharrell williams,2013
15.0,Royals,lorde,2013
16.0,I Knew You Were Trouble,taylor swift,2013
17.0,We Can't Stop,miley cyrus,2013
18.0,Wrecking Ball,miley cyrus,2013
19.0,Wake Me Up,avicii,2013
20.0,Suit And Tie,justin timberlake featuring jay-z,2013
21.0,Cups,anna kendrick,2013
22.0,Holy Grail,jay-z featuring justin timberlake,2013
23.0,Scream And Shout,will.i.am featuring britney spears,2013
24.0,Clarity,zedd featuring foxes,2013
25.0,Sail,awolnation,2013
26.0,Don't You Worry Child,swedish house mafia featuring john martin,2013
27.0,Diamonds,rihanna,2013
28.0,I Love It,icona pop featuring charli xcx,2013
29.0,Safe & Sound,capital cities,2013
30.0,Treasure,bruno mars,2013
31.0,The Way,ariana grande featuring mac miller,2013
32.0,Started From The Bottom,drake,2013
33.0,Come & Get It,selena gomez,2013
34.0,"Hold On, We're Going Home",drake featuring majid jordon,2013
35.0,Daylight,maroon 5,2013
36.0,Feel This Moment,pitbull featuring christina aguilera,2013
37.0,Applause,lady gaga,2013
38.0,One More Night,maroon 5,2013
39.0,Love Me,lil wayne featuring drake & future,2013
40.0,My Songs Know What You Did In The Dark (Light Em Up),fall out boy,2013
41.0,F**kin Problems,asap rocky featuring drake,2013
42.0,Beauty And A Beat,justin bieber,2013
43.0,Same Love,macklemore & ryan lewis featuring mary lambert,2013
44.0,Sweet Nothing,calvin harris featuring florence welch,2013
45.0,Summertime Sadness,lana del rey,2013
46.0,Home,phillip phillips,2013
47.0,It's Time,imagine dragons,2013
48.0,Power Trip,j. cole featuring miguel,2013
49.0,Girl On Fire,alicia keys,2013
50.0,Heart Attack,demi lovato,2013
51.0,Love Somebody,maroon 5,2013
52.0,I Will Wait,mumford & sons,2013
53.0,Try,pink,2013
54.0,Wagon Wheel,darius rucker,2013
55.0,Gangnam Style,psy,2013
56.0,I Need Your Love,calvin harris featuring ellie goulding,2013
57.0,Die Young,kesha,2013
58.0,Some Nights,fun.,2013
59.0,Bad,wale featuring tiara thomas,2013
60.0,Boys 'Round Here,blake shelton,2013
61.0,"Gone, Gone, Gone",phillip phillips,2013
62.0,Demons,imagine dragons,2013
63.0,Counting Stars,onerepublic,2013
64.0,I Cry,flo rida,2013
65.0,Little Talks,of monsters and men,2013
66.0,The Other Side,jason derulo,2013
67.0,Berzerk,eminem,2013
68.0,Catch My Breath,kelly clarkson,2013
69.0,Crash My Party,luke bryan,2013
70.0,Pour It Up,rihanna,2013
71.0,22,taylor swift,2013
72.0,I Want Crazy,hunter hayes,2013
73.0,The Fox,ylvis,2013
74.0,Best Song Ever,one direction,2013
75.0,The A Team,ed sheeran,2013
76.0,Carry On,fun.,2013
77.0,Highway Don't Care,tim mcgraw & taylor swift,2013
78.0,That's My Kind Of Night,luke bryan,2013
79.0,Swimming Pools (Drank),kendrick lamar,2013
80.0,Sure Be Cool If You Did,blake shelton,2013
81.0,#Beautiful,mariah carey featuring miguel,2013
82.0,Troublemaker,olly murs featuring flo rida,2013
83.0,Body Party,ciara,2013
84.0,Adorn,miguel,2013
85.0,Hall Of Fame,the script featuring will.i.am,2013
86.0,Let Me Love You,ne-yo,2013
87.0,U.O.E.N.O.,rocko,2013
88.0,Next To Me,emeli sande,2013
89.0,Mama's Broken Heart,miranda lambert,2013
90.0,It Goes Like This,thomas rhett,2013
91.0,Bugatti,ace hood featuring future & rick ross,2013
92.0,Wanted,hunter hayes,2013
93.0,Downtown,lady antebellum,2013
94.0,Get Your Shine On,florida georgia line,2013
95.0,#thatPOWER,will.i.am featuring justin bieber,2013
96.0,Brave,sara bareilles,2013
97.0,Let Her Go,passenger,2013
98.0,Runnin' Outta Moonlight,randy houser,2013
99.0,I'm Different,2 chainz,2013
100.0,Still Into You,paramore,2013
1.0,Happy,pharrell williams,2014
2.0,Dark Horse,katy perry featuring juicy j,2014
3.0,All Of Me,john legend,2014
4.0,Fancy,iggy azalea featuring charli xcx,2014
5.0,Counting Stars,onerepublic,2014
6.0,Talk Dirty,jason derulo featuring 2 chainz,2014
7.0,Rude,magic!,2014
8.0,All About That Bass,meghan trainor,2014
9.0,Problem,ariana grande featuring iggy azalea,2014
10.0,Stay With Me,sam smith,2014
11.0,Timber,pitbull featuring kesha,2014
12.0,Pompeii,bastille,2014
13.0,Shake It Off,taylor swift,2014
14.0,Am I Wrong,nico & vinz,2014
15.0,Turn Down For What,dj snake featuring lil jon,2014
16.0,The Monster,eminem featuring rihanna,2014
17.0,Say Something,a great big world featuring christina aguilera,2014
18.0,Team,lorde,2014
19.0,Let Her Go,passenger,2014
20.0,Royals,lorde,2014
21.0,Let It Go,idina menzel,2014
22.0,Wake Me Up,avicii,2014
23.0,Demons,imagine dragons,2014
24.0,Story Of My Life,one direction,2014
25.0,Chandelier,sia,2014
26.0,Black Widow,iggy azalea featuring rita ora,2014
27.0,Bang Bang,jessie j & ariana grande & nicki minaj,2014
28.0,Latch,disclosure featuring sam smith,2014
29.0,Maps,maroon 5,2014
30.0,Loyal,chris brown featuring lil wayne & french montana,2014
31.0,Best Day Of My Life,american authors,2014
32.0,Habits (Stay High),tove lo,2014
33.0,Summer,calvin harris,2014
34.0,Boom Clap,charli xcx,2014
35.0,Drunk In Love,beyonce featuring jay-z,2014
36.0,Anaconda,nicki minaj,2014
37.0,Break Free,ariana grande featuring zedd,2014
38.0,Bailando,enrique featuring sean paul,2014
39.0,Burn,ellie goulding,2014
40.0,Wiggle,jason derulo featuring snoop dogg,2014
41.0,Rather Be,clean bandit featuring jess glynne,2014
42.0,Don't Tell 'Em,jeremih featuring yg,2014
43.0,Show Me,kid ink featuring chris brown,2014
44.0,Wrecking Ball,miley cyrus,2014
45.0,Not A Bad Thing,justin timberlake,2014
46.0,Roar,katy perry,2014
47.0,Ain't It Fun,paramore,2014
48.0,The Man,aloe blacc,2014
49.0,This Is How We Roll,florida-georgia line featuring luke bryan,2014
50.0,Classic,mkto,2014
51.0,A Sky Full Of Stars,coldplay,2014
52.0,Don't,ed sheeran,2014
53.0,Na Na,trey songz,2014
54.0,Hot Boy,bobby shmurda,2014
55.0,"Hold On, We're Going Home",drake featuring majid jordon,2014
56.0,Sing,ed sheeran,2014
57.0,Radioactive,imagine dragons,2014
58.0,My Hitta,yg featuring jeezy & rich homie quan,2014
59.0,Cool Kids,echosmith,2014
60.0,Hey Brother,avicii,2014
61.0,Trumpets,jason derulo,2014
62.0,Animals,maroon 5,2014
63.0,Burnin' It Down,jason aldean,2014
64.0,Play It Again,luke bryan,2014
65.0,2 On You,tinashe,2014
66.0,Dirt,florida-georgia line,2014
67.0,Love Runs Out,onerepublic,2014
68.0,Bottoms Up,brantley gilbert,2014
69.0,Shower,becky g,2014
70.0,Me And My Broken Heart,rixton,2014
71.0,Animals,martin garrix,2014
72.0,Lifestyle,rich gang presents young thug & rich homie quan,2014
73.0,American Kids,kenny chesney,2014
74.0,Brave,sara bareilles,2014
75.0,Sweater Weather,the neighborhood,2014
76.0,Leave The Night On,sam hunt,2014
77.0,New Flame,chris brown featuring usher & rick ross,2014
78.0,Love Never Felt So Good,michael jackson & justin timberlake,2014
79.0,Drunk On A Plane,dierks bentley,2014
80.0,Birthday,katy perry,2014
81.0,Bartender,lady antebellum,2014
82.0,La La La,naughty boy featuring sam smith,2014
83.0,Blurred Lines,robin thicke featuring pharrell williams & t.i.,2014
84.0,Do What U Want,lady gaga featuring r. kelly,2014
85.0,Can't Remember To Forget You,shakira featuring rihanna,2014
86.0,Amnesia,5 seconds of summer,2014
87.0,No Mediocre,t.i. featuring iggy azalea,2014
88.0,Come With Me Now,kongos,2014
89.0,Believe Me,lil wayne featuring drake,2014
90.0,23,mike will made it featuring miley cyrus & wiz khalifa,2014
91.0,Beachin',jake owen,2014
92.0,White Walls,macklemore & ryan lewis featuring schoolboy q & hollis,2014
93.0,She Looks So Perfect,5 seconds of summer,2014
94.0,Stay The Night,zedd featuring hayley williams,2014
95.0,Partition,beyonce,2014
96.0,Studio,schoolboy q,2014
97.0,0 To 100/The Catch Up,drake,2014
98.0,I Don't Dance,lee brice,2014
99.0,Somethin' Bad,miranda lambert with carrie underwood,2014
100.0,Adore You,miley cyrus,2014
1.0,Uptown Funk,mark ronson & bruno mars,2015
2.0,Thinking Out Loud [Radio Edit],ed sheeran,2015
3.0,See You Again [Clean Edit],wiz khalifa featuring charlie puth,2015
4.0,Trap Queen [Clean Edit],fetty wap,2015
5.0,Sugar [Clean],maroon 5,2015
6.0,Shut Up And Dance,walk the moon,2015
7.0,Blank Space,taylor swift,2015
8.0,Watch Me (Whip/Nae Nae),silento,2015
9.0,Earned It [Clean Edit],the weeknd,2015
10.0,The Hills,the weeknd,2015
11.0,Cheerleader [Felix Jaehn Radio Edit],omi,2015
12.0,Can't Feel My Face,the weeknd,2015
13.0,Love Me Like You Do [Radio Edit],ellie goulding,2015
14.0,Take Me To Church,hozier,2015
15.0,Bad Blood,taylor swift featuring kendrick lamar,2015
16.0,Lean On,major lazer featuring m0 & dj snake,2015
17.0,Want To Want Me,jason derulo,2015
18.0,Shake It Off,taylor swift,2015
19.0,Where Are U Now,skrillex & diplo present jack u featuring justin bieber,2015
20.0,Fight Song,rachel platten,2015
21.0,679 [Clean Edit],fetty wap featuring remy boyz,2015
22.0,Lips Are Movin',meghan trainor,2015
23.0,Worth It,fifth harmony featuring kid ink,2015
24.0,Post To Be [Clean],omarion featuring chris brown & jhene,2015
25.0,"Honey, I'm Good",andy grammer,2015
26.0,I'm Not The Only One,sam smith,2015
27.0,Good For You,selena gomez featuring asap rocky,2015
28.0,All About That Bass,meghan trainor,2015
29.0,Style,taylor swift,2015
30.0,Hotline Bling [Clean],drake,2015
31.0,Hey Mama [Clean Edit],david guetta featuring nicki minaj & afrojack,2015
32.0,GDFR,flo rida featuring sage the gemini,2015
33.0,What Do You Mean?,justin bieber,2015
34.0,Photograph,ed sheeran,2015
35.0,Hello,adele,2015
36.0,Stitches,shawn mendes,2015
37.0,Talking Body [Clean Edit],tove lo,2015
38.0,Jealous,nick jonas,2015
39.0,Time Of Our Lives [Clean Radio Edit],pitbull featuring ne-yo,2015
40.0,Locked Away,r. city featuring adam levine,2015
41.0,Somebody,natalie la rose featuring jeremih,2015
42.0,FourFiveSeconds,rihanna & kanye west & paul mccartney,2015
43.0,Centuries,fall out boy,2015
44.0,My Way,fetty wap featuring monty,2015
45.0,Take Your Time [Radio Edit],sam hunt,2015
46.0,Animals,maroon 5,2015
47.0,I Don't F*ck With You,big sean featuring e-40,2015
48.0,B*tch Better Have My Money [Radio Edit],rihanna,2015
49.0,Flex,rich homie quan,2015
50.0,Nasty Freestyle,t-wayne,2015
51.0,Only [Clean Radio Edit],nicki minaj featuring drake,2015
52.0,Elastic Heart [Radio Edit],sia,2015
53.0,Cool For The Summer,demi lovato,2015
54.0,Renegades,x ambassadors,2015
55.0,I Don't Mind [Clean],usher featuring juicy j.,2015
56.0,Love Me Harder,ariana grande & the weeknd,2015
57.0,Wildest Dreams [Radio Mix],taylor swift,2015
58.0,Stay With Me [Radio Mix],sam smith,2015
59.0,You Know You Like It,dj snake & alunageorge,2015
60.0,Uma Thurman,fall out boy,2015
61.0,7/11,beyonce,2015
62.0,The Heart Wants What It Wants,selena gomez,2015
63.0,Girl Crush,little big town,2015
64.0,Slow Motion,trey songz,2015
65.0,Drag Me Down,one direction,2015
66.0,Truffle Butter [Clean],nicki minaj featuring drake & lil' wayne,2015
67.0,One Last Time,ariana grande,2015
68.0,Chains,nick jonas,2015
69.0,All Eyes On You [Clean],meek mill featuring nicki minaj & chris brown,2015
70.0,No Type [Clean],rae sremmurd,2015
71.0,Riptide,vance joy,2015
72.0,Classic Man [Clean],jidenna featuring roman gianarthur,2015
73.0,Ex's and Oh's,elle king,2015
74.0,Dear Future Husband,meghan trainor,2015
75.0,Marvin Gaye,charlie puth featuring meghan trainor,2015
76.0,Like I'm Gonna Lose You,meghan trainor featuring john legend,2015
77.0,Habits (Stay High),tove lo,2015
78.0,The Hanging Tree [Spacebrother Remix],james newton howard featuring jennifer lawrence,2015
79.0,CoCo,o.t. genasis,2015
80.0,Bang Bang,jessie j & ariana grande & nicki minaj,2015
81.0,Lay Me Down,sam smith,2015
82.0,Tuesday,i love makonnen featuring drake,2015
83.0,Hit The Quan [Clean],iheartmemphis,2015
84.0,Downtown [Clean Edit],macklemore & ryan lewis,2015
85.0,House Party,sam hunt,2015
86.0,Ayo [Clean],chris brown featuring tyga,2015
87.0,Kick The Dust Up,luke bryan,2015
88.0,Blessings [Clean Edit],big sean featuring drake & kanye west,2015
89.0,Budapest,george ezra,2015
90.0,Chandelier [Single Edit],sia,2015
91.0,Heartbeat Song,kelly clarkson,2015
92.0,Don't [Clean],ed sheeran,2015
93.0,Ghost,ella henderson,2015
94.0,Here,alessia cara,2015
95.0,Waves [Robin Shulz Radio Edit],mr. probz,2015
96.0,Forgiveness (El Perdon) [English Version],nicky jam & enrique iglesias,2015
97.0,She Knows,ne-yo featuring juicy j,2015
98.0,Night Changes,one direction,2015
99.0,Back To Back,drake,2015
100.0,How Deep Is Your Love,calvin harris & disciples,2015
1.0,Love Yourself,justin bieber,2016
2.0,Sorry,justin bieber,2016
3.0,One Dance,drake featuring wizkid & kayla,2016
4.0,Work [Clean Edit],rihanna featuring drake,2016
5.0,Stressed Out,twenty one pilots,2016
6.0,Panda [Clean],desiigner,2016
7.0,Hello,adele,2016
8.0,Don't Let Me Down,the chainsmokers featuring daya,2016
9.0,Can't Stop The Feeling!,justin timberlake,2016
10.0,Closer,the chainsmokers featuring halsey,2016
11.0,Cheap Thrills,sia featuring sean paul,2016
12.0,7 Years,lukas graham,2016
13.0,Needed Me [Clean],rihanna,2016
14.0,My House,flo rida,2016
15.0,I Took A Pill In Ibiza [SeeB Remix],mike posner,2016
16.0,Work From Home [No Rap Edit],fifth harmony,2016
17.0,This Is What You Came For,calvin harris featuring rihanna,2016
18.0,Cake By The Ocean [Clean Edit],dnce,2016
19.0,Me Myself & I [Clean],g-eazy featuring bebe rexha,2016
20.0,Ride,twenty one pilots,2016
21.0,Heathens,twenty one pilots,2016
22.0,Pillowtalk [Clean],zayn,2016
23.0,Stitches,shawn mendes,2016
24.0,Hotline Bling [Clean],drake,2016
25.0,Cold Water,major lazer featuring justin bieber & m0,2016
26.0,Send My Love (To Your New Lover),adele,2016
27.0,Roses,the chainsmokers featuring rozes,2016
28.0,Treat You Better,shawn mendes,2016
29.0,Too Good,drake featuring rihanna,2016
30.0,Low Life [Clean],future featuring the weeknd,2016
31.0,What Do You Mean?,justin bieber,2016
32.0,The Hills,the weeknd,2016
33.0,Just Like Fire,pink,2016
34.0,Broccoli [Clean],d.r.a.m. featuring lil yachty,2016
35.0,Don't [Clean],bryson tiller,2016
36.0,Dangerous Woman,ariana grande,2016
37.0,Jumpman,drake & future,2016
38.0,"I Hate U, I Love U [Clean Edit]",gnash featuring olivia o'brien,2016
39.0,Here,alessia cara,2016
40.0,Same Old Love [Clean Version],selena gomez,2016
41.0,Controlla,drake featuring popcaan,2016
42.0,Like I'm Gonna Lose You,meghan trainor featuring john legend,2016
43.0,One Call Away,charlie puth,2016
44.0,Let It Go [Uptempo Pop Mix],james bay,2016
45.0,NO,meghan trainor,2016
46.0,Never Forget You,zara larsson & mnek,2016
47.0,Let Me Love You,dj snake featuring justin bieber,2016
48.0,Don't Mind [Clean],kent jones,2016
49.0,H.O.L.Y.,florida-georgia line,2016
50.0,We Don't Talk Anymore,charlie puth featuring selena gomez,2016
51.0,Into You,ariana grande,2016
52.0,Gold,kiiara,2016
53.0,Exchange [Clean],bryson tiller,2016
54.0,679 [Clean Edit],fetty wap featuring remy boyz,2016
55.0,Oui [Clean Edit],jeremih,2016
56.0,Hands To Myself,selena gomez,2016
57.0,2 Phones [Clean],kevin gates,2016
58.0,Starboy [Clean Edit],the weeknd featuring daft punk,2016
59.0,For Free [Clean],dj khaled featuring drake,2016
60.0,Never Be Like You [Clean Edit],flume featuring kai,2016
61.0,In The Night,the weeknd,2016
62.0,Me Too,meghan trainor,2016
63.0,Ex's and Oh's,elle king,2016
64.0,Die A Happy Man,thomas rhett,2016
65.0,White Iverson [Clean],post malone,2016
66.0,Close,nick jonas featuring tove lo,2016
67.0,Unsteady,x ambassadors,2016
68.0,Sucker For Pain [Clean],lil wayne featuring wiz khalifa & imagine dragons,2016
69.0,Down In The DM,yo gotti,2016
70.0,LUV [Clean],tory lanez,2016
71.0,Sorry [Clean],beyonce,2016
72.0,Can't Feel My Face,the weeknd,2016
73.0,Hymn For The Weekend,coldplay,2016
74.0,Say It [Clean],tory lanez,2016
75.0,Antidote,travis scott,2016
76.0,Lost Boy,ruth b,2016
77.0,Side To Side [Clean Edit],ariana grande featuring nicki minaj,2016
78.0,"Sit Still, Look Pretty",daya,2016
79.0,Wildest Dreams [Radio Mix],taylor swift,2016
80.0,Middle,dj snake featuring bipolar sunshine,2016
81.0,On My Mind,ellie goulding,2016
82.0,Pop Style,drake featuring the throne,2016
83.0,When We Were Young,adele,2016
84.0,Hide Away,daya,2016
85.0,Lean On,major lazer featuring m0 & dj snake,2016
86.0,I Know What You Did Last Summer,shawn mendes & camila cabello,2016
87.0,All The Way Up,fat joe & remy ma,2016
88.0,Watch Me (Whip/Nae Nae),silento,2016
89.0,Back To Sleep,chris brown,2016
90.0,No Limit [Clean],usher featuring young thug,2016
91.0,Cut It [Clean],o.t. genasis featuring young dolph,2016
92.0,Really Really [Clean],kevin gates,2016
93.0,All In My Head (Flex) [Super Clean Edit],fifth harmony,2016
94.0,Starving [Clean Edit],hailee steinfeld & grey featuring zedd,2016
95.0,Adventure Of ALifetime [Radio Edit],coldplay,2016
96.0,Humble And Kind,tim mcgraw,2016
97.0,Wicked [Clean],future,2016
98.0,Tiimmy Turner [Clean],desiigner,2016
99.0,See You Again [Clean Edit],wiz khalifa featuring charlie puth,2016
100.0,Perfect,one direction,2016
1.0,Shape Of You,ed sheeran,2017
2.0,Despacito,luis fonsi & daddy yankee featuring justin bieber,2017
3.0,That's What I Like,bruno mars,2017
4.0,Humble.,kendrick lamar,2017
5.0,Something Just Like This,the chainsmokers & coldplay,2017
6.0,Bad And Boujee,migos featuring lil uzi vert,2017
7.0,Closer,the chainsmokers featuring halsey,2017
8.0,Body Like A Back Road,sam hunt,2017
9.0,Believer,imagine dragons,2017
10.0,Congratulations,post malone featuring quavo,2017
11.0,Say You Won't Let Go,james arthur,2017
12.0,I'm The One,"dj khaled featuring justin bieber, quavo, chance the rapper & lil wayne",2017
13.0,XO TOUR Llif3,lil uzi vert,2017
14.0,Mask Off,future,2017
15.0,Unforgettable,french montana featuring swae lee,2017
16.0,24K Magic,bruno mars,2017
17.0,Stay,zedd & alessia cara,2017
18.0,Wild Thoughts,dj khaled featuring rihanna & bryson tiller,2017
19.0,Black Beatles,rae sremmurd featuring gucci mane,2017
20.0,Starboy,the weeknd featuring daft punk,2017
21.0,Location,khalid,2017
22.0,Attention,charlie puth,2017
23.0,There's Nothing Holdin' Me Back,shawn mendes,2017
24.0,Bodak Yellow (Money Moves),cardi b,2017
25.0,Redbone,childish gambino,2017
26.0,I Don't Wanna Live Forever (Fifty Shades Darker),zayn / taylor swift,2017
27.0,It Ain't Me,kygo x selena gomez,2017
28.0,iSpy,kyle featuring lil yachty,2017
29.0,Issues,julia michaels,2017
30.0,Scars To Your Beautiful,alessia cara,2017
31.0,1-800-273-8255,logic featuring alessia cara & khalid,2017
32.0,Slow Hands,niall horan,2017
33.0,Love On The Brain,rihanna,2017
34.0,I Feel It Coming,the weeknd featuring daft punk,2017
35.0,Bounce Back,big sean,2017
36.0,Strip That Down,liam payne featuring quavo,2017
37.0,Fake Love,drake,2017
38.0,Don't Wanna Know,maroon 5 featuring kendrick lamar,2017
39.0,Look What You Made Me Do,taylor swift,2017
40.0,Castle On The Hill,ed sheeran,2017
41.0,Bad Things,machine gun kelly x camila cabello,2017
42.0,Paris,the chainsmokers,2017
43.0,Side To Side,ariana grande featuring nicki minaj,2017
44.0,Rockabye,clean bandit featuring sean paul & anne-marie,2017
45.0,Feel It Still,portugal. the man,2017
46.0,Let Me Love You,dj snake featuring justin bieber,2017
47.0,Sorry Not Sorry,demi lovato,2017
48.0,Bank Account,21 savage,2017
49.0,Can't Stop The Feeling!,justin timberlake,2017
50.0,Mi Gente,j balvin & willy william featuring beyonce,2017
51.0,Thunder,imagine dragons,2017
52.0,T-Shirt,migos,2017
53.0,Rake It Up,yo gotti featuring nicki minaj,2017
54.0,Mercy,shawn mendes,2017
55.0,Tunnel Vision,kodak black,2017
56.0,Rockstar,post malone featuring 21 savage,2017
57.0,In Case You Didn't Know,brett young,2017
58.0,Heathens,twenty one pilots,2017
59.0,Now Or Never,halsey,2017
60.0,Caroline,amine,2017
61.0,Rolex,ayo & teo,2017
62.0,DNA.,kendrick lamar,2017
63.0,Juju On That Beat (TZ Anthem),zay hilfigerrr & zayion mccall,2017
64.0,Swang,rae sremmurd,2017
65.0,Passionfruit,drake,2017
66.0,Loyalty.,kendrick lamar featuring rihanna,2017
67.0,Praying,kesha,2017
68.0,Goosebumps,travis scott,2017
69.0,Cold,maroon 5 featuring future,2017
70.0,Broccoli,d.r.a.m. featuring lil yachty,2017
71.0,Slide,calvin harris featuring frank ocean & migos,2017
72.0,What Ifs,kane brown featuring lauren alaina,2017
73.0,Chained To The Rhythm,katy perry featuring skip marley,2017
74.0,Feels,"calvin harris featuring pharrell williams, katy perry & big sean",2017
75.0,All Time Low,jon bellion,2017
76.0,Hurricane,luke combs,2017
77.0,Too Good At Goodbyes,sam smith,2017
78.0,Young Dumb & Broke,khalid,2017
79.0,Magnolia,playboi carti,2017
80.0,Love Galore,sza featuring travis scott,2017
81.0,Drowning,a boogie wit da hoodie featuring kodak black,2017
82.0,Starving,hailee steinfeld & grey featuring zedd,2017
83.0,Both,gucci mane featuring drake,2017
84.0,What About Us,p!nk,2017
85.0,Swalla,jason derulo featuring nicki minaj & ty dolla $ign,2017
86.0,Slippery,migos featuring gucci mane,2017
87.0,Sign Of The Times,harry styles,2017
88.0,Water Under The Bridge,adele,2017
89.0,Malibu,miley cyrus,2017
90.0,Down,marian hill,2017
91.0,No Promises,cheat codes featuring demi lovato,2017
92.0,Treat You Better,shawn mendes,2017
93.0,I Get The Bag,gucci mane featuring migos,2017
94.0,Small Town Boy,dustin lynch,2017
95.0,Everyday We Lit,yfn lucci featuring pnb rock,2017
96.0,Havana,camila cabello featuring young thug,2017
97.0,What Lovers Do,maroon 5 featuring sza,2017
98.0,Do Re Mi,blackbear,2017
99.0,Look At Me!,xxxtentacion,2017
100.0,The Fighter,keith urban featuring carrie underwood,2017
1.0,God's Plan,drake,2018
2.0,Perfect,ed sheeran,2018
3.0,Meant To Be,bebe rexha & florida georgia line,2018
4.0,Havana,camila cabello featuring young thug,2018
5.0,rockstar,post malone featuring 21 savage,2018
6.0,Psycho,post malone featuring ty dolla $ign,2018
7.0,I Like It,"cardi b, bad bunny & j balvin",2018
8.0,The Middle,"zedd, maren morris & grey",2018
9.0,In My Feelings,drake,2018
10.0,Girls Like You,maroon 5 featuring cardi b,2018
11.0,Nice For What,drake,2018
12.0,Lucid Dreams,juice wrld,2018
13.0,Better Now,post malone,2018
14.0,Finesse,bruno mars & cardi b,2018
15.0,Boo'd Up,ella mai,2018
16.0,New Rules,dua lipa,2018
17.0,Sad!,xxxtentacion,2018
18.0,Never Be The Same,camila cabello,2018
19.0,Love Lies,khalid & normani,2018
20.0,No Tears Left To Cry,ariana grande,2018
21.0,Mine,bazzi,2018
22.0,Thunder,imagine dragons,2018
23.0,Look Alive,blocboy jb featuring drake,2018
24.0,Delicate,taylor swift,2018
25.0,Yes Indeed,lil baby & drake,2018
26.0,Friends,marshmello & anne-marie,2018
27.0,Bad At Love,halsey,2018
28.0,Taste,tyga featuring offset,2018
29.0,Let You Down,nf,2018
30.0,No Limit,g-eazy featuring a$ap rocky & cardi b,2018
31.0,FEFE,6ix9ine featuring nicki minaj & murda beatz,2018
32.0,Tequila,dan + shay,2018
33.0,Feel It Still,portugal. the man,2018
34.0,MotorSport,"migos, nicki minaj & cardi b",2018
35.0,I Like Me Better,lauv,2018
36.0,Youngblood,5 seconds of summer,2018
37.0,Whatever It Takes,imagine dragons,2018
38.0,Ric Flair Drip,offset & metro boomin,2018
39.0,I Fall Apart,post malone,2018
40.0,Pray For Me,the weeknd & kendrick lamar,2018
41.0,Back To You,selena gomez,2018
42.0,Sicko Mode,travis scott,2018
43.0,Walk It Talk It,migos featuring drake,2018
44.0,Gucci Gang,lil pump,2018
45.0,Him & I,g-eazy & halsey,2018
46.0,In My Blood,shawn mendes,2018
47.0,All The Stars,kendrick lamar & sza,2018
48.0,Stir Fry,migos,2018
49.0,Too Good At Goodbyes,sam smith,2018
50.0,Love.,kendrick lamar featuring zacari,2018
51.0,This Is America,childish gambino,2018
52.0,Nonstop,drake,2018
53.0,Heaven,kane brown,2018
54.0,Bodak Yellow (Money Moves),cardi b,2018
55.0,Freaky Friday,lil dicky featuring chris brown,2018
56.0,Gummo,6ix9ine,2018
57.0,Plug Walk,rich the kid,2018
58.0,Wait,maroon 5,2018
59.0,Be Careful,cardi b,2018
60.0,Wolves,selena gomez x marshmello,2018
61.0,Bartier Cardi,cardi b featuring 21 savage,2018
62.0,God Is A Woman,ariana grande,2018
63.0,Big Bank,"yg featuring 2 chainz, big sean & nicki minaj",2018
64.0,Sorry Not Sorry,demi lovato,2018
65.0,How Long,charlie puth,2018
66.0,Lights Down Low,max featuring gnash,2018
67.0,Young Dumb & Broke,khalid,2018
68.0,One Kiss,calvin harris & dua lipa,2018
69.0,Natural,imagine dragons,2018
70.0,You Make It Easy,jason aldean,2018
71.0,Shape Of You,ed sheeran,2018
72.0,I Get The Bag,gucci mane featuring migos,2018
73.0,No Brainer,"dj khaled featuring justin bieber, chance the rapper & quavo",2018
74.0,Plain Jane,a$ap ferg featuring nicki minaj,2018
75.0,Sky Walker,miguel featuring travis scott,2018
76.0,Marry Me,thomas rhett,2018
77.0,Eastside,"benny blanco, halsey & khalid",2018
78.0,Call Out My Name,the weeknd,2018
79.0,King's Dead,"jay rock, kendrick lamar, future & james blake",2018
80.0,Happier,marshmello & bastille,2018
81.0,Te Bote,"casper magico, nio garcia, darell, nicky jam, ozuna & bad bunny",2018
82.0,Simple,florida georgia line,2018
83.0,Lemon,ner*d & rihanna,2018
84.0,1-800-273-8255,logic featuring alessia cara & khalid,2018
85.0,Say Something,justin timberlake featuring chris stapleton,2018
86.0,I'm Upset,drake,2018
87.0,Get Along,kenny chesney,2018
88.0,Moonlight,xxxtentacion,2018
89.0,What Lovers Do,maroon 5 featuring sza,2018
90.0,X,nicky jam x j balvin,2018
91.0,Outside Today,youngboy never broke again,2018
92.0,Trip,ella mai,2018
93.0,Dura,daddy yankee,2018
94.0,Changes,xxxtentacion,2018
95.0,Mercy,brett young,2018
96.0,One Number Away,luke combs,2018
97.0,Powerglide,rae sremmurd & juicy j,2018
98.0,IDGAF,dua lipa,2018
99.0,Mi Gente,j balvin & willy william featuring beyonce,2018
100.0,Believer,imagine dragons,2018
1.0,Old Town Road,lil nas x featuring billy ray cyrus,2019
2.0,Sunflower (Spider-Man: Into The Spider-Verse),post malone & swae lee,2019
3.0,Without Me,halsey,2019
4.0,Bad Guy,billie eilish,2019
5.0,Wow.,post malone,2019
6.0,Happier,marshmello & bastille,2019
7.0,7 Rings,ariana grande,2019
8.0,Talk,khalid,2019
9.0,Sicko Mode,travis scott,2019
10.0,Sucker,jonas brothers,2019
11.0,High Hopes,panic! at the disco,2019
12.0,"Thank U, Next",ariana grande,2019
13.0,Truth Hurts,lizzo,2019
14.0,Dancing With A Stranger,sam smith & normani,2019
15.0,Senorita,shawn mendes & camila cabello,2019
16.0,I Don't Care,ed sheeran & justin bieber,2019
17.0,Eastside,"benny blanco, halsey & khalid",2019
18.0,Going Bad,meek mill featuring drake,2019
19.0,Shallow,lady gaga & bradley cooper,2019
20.0,Better,khalid,2019
21.0,No Guidance,chris brown featuring drake,2019
22.0,Girls Like You,maroon 5 featuring cardi b,2019
23.0,Sweet But Psycho,ava max,2019
24.0,Suge,dababy,2019
25.0,Middle Child,j. cole,2019
26.0,Drip Too Hard,lil baby & gunna,2019
27.0,Someone You Loved,lewis capaldi,2019
28.0,Ran$om,lil tecca,2019
29.0,If I Can't Have You,shawn mendes,2019
30.0,Goodbyes,post malone featuring young thug,2019
31.0,ZEZE,kodak black featuring travis scott & offset,2019
32.0,Better Now,post malone,2019
33.0,Youngblood,5 seconds of summer,2019
34.0,Money In The Grave,drake featuring rick ross,2019
35.0,Speechless,dan + shay,2019
36.0,"Break Up With Your Girlfriend, I'm Bored",ariana grande,2019
37.0,Please Me,cardi b & bruno mars,2019
38.0,Money,cardi b,2019
39.0,You Need To Calm Down,taylor swift,2019
40.0,Panini,lil nas x,2019
41.0,Look Back At It,a boogie wit da hoodie,2019
42.0,A Lot,21 savage,2019
43.0,ME!,taylor swift featuring brendon urie,2019
44.0,MIA,bad bunny featuring drake,2019
45.0,Pop Out,polo g featuring lil tjay,2019
46.0,Beautiful Crazy,luke combs,2019
47.0,Thotiana,blueface,2019
48.0,Lucid Dreams,juice wrld,2019
49.0,Mo Bamba,sheck wes,2019
50.0,Beautiful People,ed sheeran featuring khalid,2019
51.0,Wake Up In The Sky,gucci mane x bruno mars x kodak black,2019
52.0,Whiskey Glasses,morgan wallen,2019
53.0,God's Country,blake shelton,2019
54.0,Be Alright,dean lewis,2019
55.0,Pure Water,mustard & migos,2019
56.0,The Git Up,blanco brown,2019
57.0,Taki Taki,"dj snake featuring selena gomez, ozuna & cardi b",2019
58.0,Close To Me,ellie goulding x diplo featuring swae lee,2019
59.0,Envy Me,calboy,2019
60.0,You Say,lauren daigle,2019
61.0,"Hey Look Ma, I Made It",panic! at the disco,2019
62.0,Circles,post malone,2019
63.0,Beer Never Broke My Heart,luke combs,2019
64.0,The London,"young thug, j. cole & travis scott",2019
65.0,Con Calma,daddy yankee & katy perry featuring snow,2019
66.0,Murder On My Mind,ynw melly,2019
67.0,When The Party's Over,billie eilish,2019
68.0,Act Up,city girls,2019
69.0,I Like It,"cardi b, bad bunny & j balvin",2019
70.0,Trampoline,shaed,2019
71.0,Leave Me Alone,flipp dinero,2019
72.0,Breathin,ariana grande,2019
73.0,Bury A Friend,billie eilish,2019
74.0,Close Friends,lil baby,2019
75.0,Baby Shark,pinkfong,2019
76.0,My Type,saweetie,2019
77.0,Worth It,yk osiris,2019
78.0,Only Human,jonas brothers,2019
79.0,Knockin' Boots,luke bryan,2019
80.0,Trip,ella mai,2019
81.0,Rumor,lee brice,2019
82.0,Swervin,a boogie wit da hoodie featuring 6ix9ine,2019
83.0,How Do You Sleep?,sam smith,2019
84.0,Baby,lil baby & dababy,2019
85.0,Look What God Gave Her,thomas rhett,2019
86.0,Good As You,kane brown,2019
87.0,Clout,offset featuring cardi b,2019
88.0,Love Lies,khalid & normani,2019
89.0,One Thing Right,marshmello & kane brown,2019
90.0,Cash s**t,megan thee stallion featuring dababy,2019
91.0,Tequila,dan + shay,2019
92.0,Shotta Flow,nle choppa,2019
93.0,Hot Girl Summer,"megan thee stallion, nicki minaj & ty dolla $ign",2019
94.0,Talk You Out Of It,florida georgia line,2019
95.0,Beautiful,bazzi featuring camila cabello,2019
96.0,Eyes On You,chase rice,2019
97.0,All To Myself,dan + shay,2019
98.0,Boyfriend,ariana grande & social house,2019
99.0,Walk Me Home,p!nk,2019
100.0,Robbery,juice wrld,2019
1.0,Blinding Lights,the weeknd,2020
2.0,Circles,post malone,2020
3.0,The Box,roddy ricch,2020
4.0,Don't Start Now,dua lipa,2020
5.0,Rockstar,dababy featuring roddy ricch,2020
6.0,Adore You,harry styles,2020
7.0,Life Is Good,future featuring drake,2020
8.0,Memories,maroon 5,2020
9.0,The Bones,maren morris,2020
10.0,Someone You Loved,lewis capaldi,2020
11.0,Say So,doja cat,2020
12.0,I Hope,gabby barrett featuring charlie puth,2020
13.0,Whats Poppin,"jack harlow featuring dababy, tory lanez & lil wayne",2020
14.0,Dance Monkey,tones and i,2020
15.0,Savage,megan thee stallion,2020
16.0,Roxanne,arizona zervas,2020
17.0,Intentions,justin bieber featuring quavo,2020
18.0,Everything I Wanted,billie eilish,2020
19.0,Roses,saint jhn,2020
20.0,Watermelon Sugar,harry styles,2020
21.0,Before You Go,lewis capaldi,2020
22.0,Falling,trevor daniel,2020
23.0,"10,000 Hours",dan + shay & justin bieber,2020
24.0,WAP,cardi b featuring megan thee stallion,2020
25.0,Ballin',mustard & roddy ricch,2020
26.0,Hot Girl Bummer,blackbear,2020
27.0,Blueberry Faygo,lil mosey,2020
28.0,Heartless,the weeknd,2020
29.0,BOP,dababy,2020
30.0,Lose You To Love Me,selena gomez,2020
31.0,Good As Hell,lizzo,2020
32.0,Toosie Slide,drake,2020
33.0,Break My Heart,dua lipa,2020
34.0,Chasin' You,morgan wallen,2020
35.0,Savage Love (Laxed - Siren Beat),jawsh 685 x jason derulo,2020
36.0,No Guidance,chris brown featuring drake,2020
37.0,My Oh My,camila cabello featuring dababy,2020
38.0,Dynamite,bts,2020
39.0,Go Crazy,chris brown & young thug,2020
40.0,High Fashion,roddy ricch featuring mustard,2020
41.0,Laugh Now Cry Later,drake featuring lil durk,2020
42.0,Woah,lil baby,2020
43.0,Death Bed,powfu featuring beabadoobee,2020
44.0,Senorita,shawn mendes & camila cabello,2020
45.0,HIGHEST IN THE ROOM,travis scott,2020
46.0,Bad Guy,billie eilish,2020
47.0,Mood,24kgoldn featuring iann dior,2020
48.0,Rain On Me,lady gaga & ariana grande,2020
49.0,For The Night,pop smoke featuring lil baby & dababy,2020
50.0,RITMO (Bad Boys For Life),black eyed peas x j balvin,2020
51.0,Heart On Ice,rod wave,2020
52.0,Nobody But You,blake shelton duet with gwen stefani,2020
53.0,Trampoline,shaed,2020
54.0,Come & Go,juice wrld x marshmello,2020
55.0,Truth Hurts,lizzo,2020
56.0,If The World Was Ending,jp saxe featuring julia michaels,2020
57.0,We Paid,lil baby & 42 dugg,2020
58.0,Yummy,justin bieber,2020
59.0,One Man Band,old dominion,2020
60.0,Got What I Got,jason aldean,2020
61.0,Sunday Best,surfaces,2020
62.0,Godzilla,eminem featuring juice wrld,2020
63.0,Bandit,juice wrld & youngboy never broke again,2020
64.0,Party Girl,staysolidrocky,2020
65.0,Die From A Broken Heart,maddie & tae,2020
66.0,Popstar,dj khaled featuring drake,2020
67.0,All I Want For Christmas Is You,mariah carey,2020
68.0,One Of Them Girls,lee brice,2020
69.0,Hard To Forget,sam hunt,2020
70.0,One Margarita,luke bryan,2020
71.0,Panini,lil nas x,2020
72.0,Hot,young thug featuring gunna,2020
73.0,I Hope You're Happy Now,carly pearce & lee brice,2020
74.0,Emotionally Scarred,lil baby,2020
75.0,Suicidal,ynw melly & juice wrld,2020
76.0,The Bigger Picture,lil baby,2020
77.0,Only Human,jonas brothers,2020
78.0,The Woo,pop smoke featuring 50 cent & roddy ricch,2020
79.0,Sum 2 Prove,lil baby,2020
80.0,Stuck With U,ariana grande & justin bieber,2020
81.0,Mood Swings,pop smoke featuring lil tjay,2020
82.0,You Should Be Sad,halsey,2020
83.0,Dior,pop smoke,2020
84.0,Supalonely,benee featuring gus dapperton,2020
85.0,Even Though I'm Leaving,luke combs,2020
86.0,The Scotts,"the scotts, travis scott & kid cudi",2020
87.0,Juicy,doja cat & tyga,2020
88.0,Be Like That,kane brown with swae lee & khalid,2020
89.0,Homesick,kane brown,2020
90.0,Rags2Riches,rod wave featuring atr son son,2020
91.0,Bluebird,miranda lambert,2020
92.0,Wishing Well,juice wrld,2020
93.0,Does To Me,luke combs featuring eric church,2020
94.0,P*$$y Fairy (OTW),jhene aiko,2020
95.0,ily,surf mesa featuring emilee,2020
96.0,More Than My Hometown,morgan wallen,2020
97.0,Lovin' On You,luke combs,2020
98.0,Said Sum,moneybagg yo,2020
99.0,Slide,h.e.r. featuring yg,2020
100.0,Walk Em Down,nle choppa featuring roddy ricch,2020
1.0,Levitating,dua lipa,2021
2.0,Save Your Tears,the weeknd & ariana grande,2021
3.0,Blinding Lights,the weeknd,2021
4.0,Mood,24kgoldn featuring iann dior,2021
5.0,Good 4 U,olivia rodrigo,2021
6.0,Kiss Me More,doja cat featuring sza,2021
7.0,Leave The Door Open,silk sonic (bruno mars & anderson .paak),2021
8.0,Drivers License,olivia rodrigo,2021
9.0,Montero (Call Me By Your Name),lil nas x,2021
10.0,Peaches,justin bieber featuring daniel caesar & giveon,2021
11.0,Butter,bts,2021
12.0,Stay,the kid laroi & justin bieber,2021
13.0,Deja Vu,olivia rodrigo,2021
14.0,Positions,ariana grande,2021
15.0,Bad Habits,ed sheeran,2021
16.0,Heat Waves,glass animals,2021
17.0,Without You,the kid laroi,2021
18.0,Forever After All,luke combs,2021
19.0,Go Crazy,chris brown & young thug,2021
20.0,Astronaut In The Ocean,masked wolf,2021
21.0,34+35,ariana grande feat. doja cat & megan thee stallion,2021
22.0,What You Know Bout Love,pop smoke,2021
23.0,My Ex's Best Friend,machine gun kelly x blackbear,2021
24.0,Industry Baby,lil nas x & jack harlow,2021
25.0,Therefore I Am,billie eilish,2021
26.0,Up,cardi b,2021
27.0,Fancy Like,walker hayes,2021
28.0,Dakiti,bad bunny & jhay cortez,2021
29.0,Best Friend,saweetie featuring doja cat,2021
30.0,Rapstar,polo g,2021
31.0,Heartbreak Anniversary,giveon,2021
32.0,For The Night,pop smoke featuring lil baby & dababy,2021
33.0,Calling My Phone,lil tjay featuring 6lack,2021
34.0,Beautiful Mistakes,maroon 5 featuring megan thee stallion,2021
35.0,Holy,justin bieber featuring chance the rapper,2021
36.0,On Me,lil baby,2021
37.0,You Broke Me First.,tate mcrae,2021
38.0,Traitor,olivia rodrigo,2021
39.0,Back In Blood,pooh shiesty featuring lil durk,2021
40.0,I Hope,gabby barrett featuring charlie puth,2021
41.0,Dynamite,bts,2021
42.0,Wockesha,moneybagg yo,2021
43.0,You Right,doja cat & the weeknd,2021
44.0,Beat Box,spotemgottem featuring pooh shiesty or dababy,2021
45.0,Laugh Now Cry Later,drake featuring lil durk,2021
46.0,Need To Know,doja cat,2021
47.0,Wants And Needs,drake featuring lil baby,2021
48.0,Way 2 Sexy,drake featuring future & young thug,2021
49.0,Telepatia,kali uchis,2021
50.0,Whoopty,cj,2021
51.0,Lemonade,internet money & gunna featuring don toliver & nav,2021
52.0,Good Days,sza,2021
53.0,Starting Over,chris stapleton,2021
54.0,Body,megan thee stallion,2021
55.0,Willow,taylor swift,2021
56.0,Bang!,ajr,2021
57.0,Better Together,luke combs,2021
58.0,You're Mines Still,yung bleu featuring drake,2021
59.0,Every Chance I Get,dj khaled featuring lil baby & lil durk,2021
60.0,Essence,wizkid featuring justin bieber & tems,2021
61.0,Chasing After You,ryan hurd with maren morris,2021
62.0,The Good Ones,gabby barrett,2021
63.0,Leave Before You Love Me,marshmello x jonas brothers,2021
64.0,Glad You Exist,dan + shay,2021
65.0,Lonely,justin bieber & benny blanco,2021
66.0,Beggin',maneskin,2021
67.0,Streets,doja cat,2021
68.0,What's Next,drake,2021
69.0,Famous Friends,chris young + kane brown,2021
70.0,Lil Bit,nelly & florida georgia line,2021
71.0,Thot Shit,megan thee stallion,2021
72.0,Late At Night,roddy ricch,2021
73.0,Kings & Queens,ava max,2021
74.0,Anyone,justin bieber,2021
75.0,Track Star,mooski,2021
76.0,Time Today,moneybagg yo,2021
77.0,Cry Baby,megan thee stallion featuring dababy,2021
78.0,All I Want For Christmas Is You,mariah carey,2021
79.0,No More Parties,coi leray featuring lil durk,2021
80.0,What's Your Country Song,thomas rhett,2021
81.0,One Too Many,keith urban duet with p!nk,2021
82.0,Arcade,duncan laurence,2021
83.0,Yonaguni,bad bunny,2021
84.0,Good Time,niko moon,2021
85.0,If I Didn't Love You,jason aldean & carrie underwood,2021
86.0,Knife Talk,drake featuring 21 savage & project pat,2021
87.0,pov,ariana grande,2021
88.0,Just The Way,parmalee x blanco brown,2021
89.0,Take My Breath,the weeknd,2021
90.0,We're Good,dua lipa,2021
91.0,Hell Of A View,eric church,2021
92.0,Rockin' Around The Christmas Tree,brenda lee,2021
93.0,Put Your Records On,ritt momney,2021
94.0,Happier Than Ever,billie eilish,2021
95.0,Single Saturday Night,cole swindell,2021
96.0,Things A Man Oughta Know,lainey wilson,2021
97.0,Throat Baby (Go Baby),brs kash,2021
98.0,Tombstone,rod wave,2021
99.0,Drinkin' Beer. Talkin' God. Amen.,chase rice featuring florida georgia line,2021
100.0,Todo de Ti,rauw alejandro,2021
1.0,Last Night,morgan wallen,2023
2.0,Flowers,miley cyrus,2023
3.0,Kill Bill,sza,2023
4.0,Anti-Hero,taylor swift,2023
5.0,Creepin',"metro boomin, the weeknd & 21 savage",2023
6.0,Calm Down,rema & selena gomez,2023
7.0,Die For You,the weeknd & ariana grande,2023
8.0,Fast Car,luke combs,2023
9.0,Snooze,sza,2023
10.0,I'm Good (Blue),david guetta & bebe rexha,2023
11.0,Unholy,sam smith & kim petras,2023
12.0,You Proof,morgan wallen,2023
13.0,Something In The Orange,zach bryan,2023
14.0,Rich Flex,drake & 21 savage,2023
15.0,As It Was,harry styles,2023
16.0,Rock And A Hard Place,bailey zimmerman,2023
17.0,Under The Influence,chris brown,2023
18.0,Cruel Summer,taylor swift,2023
19.0,Thinkin' Bout Me,morgan wallen,2023
20.0,"Boy's A Liar, Pt. 2",pinkpantheress & ice spice,2023
21.0,Favorite Song,toosii,2023
22.0,Thought You Should Know,morgan wallen,2023
23.0,Thank God,kane brown with katelyn brown,2023
24.0,Sure Thing,miguel,2023
25.0,All My Life,lil durk featuring j. cole,2023
26.0,Ella Baila Sola,eslabon armado x peso pluma,2023
27.0,Karma,taylor swift featuring ice spice,2023
28.0,Just Wanna Rock,lil uzi vert,2023
29.0,Cuff It,beyoncé,2023
30.0,Vampire,olivia rodrigo,2023
31.0,Fukumean,gunna,2023
32.0,Lavender Haze,taylor swift,2023
33.0,Players,coi leray,2023
34.0,Need A Favor,jelly roll,2023
35.0,Dance The Night,dua lipa,2023
36.0,Love You Anyway,luke combs,2023
37.0,One Thing At A Time,morgan wallen,2023
38.0,Superhero (Heroes & Villains),"metro boomin, future & chris brown",2023
39.0,Bad Habit,steve lacy,2023
40.0,La Bebe,yng lvcas x peso pluma,2023
41.0,Golden Hour,jvke,2023
42.0,Religiously,bailey zimmerman,2023
43.0,Spin Bout U,drake & 21 savage,2023
44.0,Cupid,fifty fifty,2023
45.0,Search & Rescue,drake,2023
46.0,Barbie World,nicki minaj & ice spice with aqua,2023
47.0,Next Thing You Know,jordan davis,2023
48.0,Escapism,raye featuring 070 shake,2023
49.0,Un x100to,grupo frontera x bad bunny,2023
50.0,Until I Found You,stephen sanchez,2023
51.0,Shirt,sza,2023
52.0,Paint The Town Red,doja cat,2023
53.0,Made You Look,meghan trainor,2023
54.0,Wait In The Truck,hardy featuring lainey wilson,2023
55.0,All I Want For Christmas Is You,mariah carey,2023
56.0,Everything I Love,morgan wallen,2023
57.0,Chemical,post malone,2023
58.0,Heart Like A Truck,lainey wilson,2023
59.0,"Going, Going, Gone",luke combs,2023
60.0,Rockin' Around The Christmas Tree,brenda lee,2023
61.0,Dancin' In The Country,tyler hubbard,2023
62.0,Daylight,david kushner,2023
63.0,Lift Me Up,rihanna,2023
64.0,Eyes Closed,ed sheeran,2023
65.0,TQG,karol g x shakira,2023
66.0,Try That In A Small Town,jason aldean,2023
67.0,Tennessee Orange,megan moroney,2023
68.0,Jingle Bell Rock,bobby helms,2023
69.0,Princess Diana,ice spice & nicki minaj,2023
70.0,Tomorrow 2,glorilla & cardi b,2023
71.0,A Holly Jolly Christmas,burl ives,2023
72.0,Where She Goes,bad bunny,2023
73.0,Bebe Dame,fuerza regida x grupo frontera,2023
74.0,I Remember Everything,zach bryan featuring kacey musgraves,2023
75.0,I Like You (A Happier Song),post malone featuring doja cat,2023
76.0,What It Is (Block Boy),doechii featuring kodak black,2023
77.0,Nobody Gets Me,sza,2023
78.0,Rich Men North Of Richmond,oliver anthony music,2023
79.0,Super Freaky Girl,nicki minaj,2023
80.0,Dial Drunk,noah kahan with post malone,2023
81.0,What Was I Made For?,billie eilish,2023
82.0,Seven,jung kook featuring latto,2023
83.0,Wait For U,future featuring drake & tems,2023
84.0,Last Christmas,wham!,2023
85.0,Handle On You,parker mccollum,2023
86.0,Por Las Noches,peso pluma,2023
87.0,Memory Lane,old dominion,2023
88.0,Area Codes,kaliii,2023
89.0,Bury Me In Georgia,kane brown,2023
90.0,PRC,peso pluma x natanael cano,2023
91.0,What My World Spins Around,jordan davis,2023
92.0,Ain't That Some,morgan wallen,2023
93.0,Wild As Her,corey kent,2023
94.0,Peaches & Eggplants,young nudy featuring 21 savage,2023
95.0,I Wrote The Book,morgan wallen,2023
96.0,"Bzrp Music Sessions, Vol. 53",bizarrap & shakira,2023
97.0,Meltdown,travis scott featuring drake,2023
98.0,Put It On Da Floor Again,latto featuring cardi b,2023
99.0,Bloody Mary,lady gaga,2023
100.0,Watermelon Moonshine,lainey wilson,2023
1.0,Lose Control,teddy swims,2024
2.0,A Bar Song (Tipsy),shaboozey,2024
3.0,Beautiful Things,benson boone,2024
4.0,I Had Some Help,post malone featuring morgan wallen,2024
5.0,Lovin On Me,jack harlow,2024
6.0,Not Like Us,kendrick lamar,2024
7.0,Espresso,sabrina carpenter,2024
8.0,Million Dollar Baby,tommy richman,2024
9.0,I Remember Everything,zach bryan featuring kacey musgraves,2024
10.0,Too Sweet,hozier,2024
11.0,Stick Season,noah kahan,2024
12.0,Cruel Summer,taylor swift,2024
13.0,Greedy,tate mcrae,2024
14.0,Like That,"future, metro boomin & kendrick lamar",2024
15.0,Birds Of A Feather,billie eilish,2024
16.0,Please Please Please,sabrina carpenter,2024
17.0,Agora Hills,doja cat,2024
18.0,"Good Luck, Babe!",chappell roan,2024
19.0,Saturn,sza,2024
20.0,Snooze,sza,2024
21.0,Paint The Town Red,doja cat,2024
22.0,Fortnight,taylor swift featuring post malone,2024
23.0,Fast Car,luke combs,2024
24.0,Water,tyla,2024
25.0,Feather,sabrina carpenter,2024
26.0,We Can't Be Friends (Wait For Your Love),ariana grande,2024
27.0,Austin,dasha,2024
28.0,Last Night,morgan wallen,2024
29.0,Cowgirls,morgan wallen featuring ernest,2024
30.0,Pink Skies,zach bryan,2024
31.0,Thinkin' Bout Me,morgan wallen,2024
32.0,Texas Hold 'Em,beyonce,2024
33.0,Is It Over Now? (Taylor's Version) [From The Vault],taylor swift,2024
34.0,Miles On It,marshmello & kane brown,2024
35.0,I Can Do It With A Broken Heart,taylor swift,2024
36.0,Wild Ones,jessie murph & jelly roll,2024
37.0,Ain't No Love In Oklahoma,luke combs,2024
38.0,Carnival,¥$: ye & ty dolla $ign featuring rich the kid & playboi carti,2024
39.0,Houdini,eminem,2024
40.0,Wanna Be,glorilla & megan thee stallion,2024
41.0,Slow It Down,benson boone,2024
42.0,Redrum,21 savage,2024
43.0,Houdini,dua lipa,2024
44.0,Yeah Glo!,glorilla,2024
45.0,Rich Baby Daddy,drake featuring sexyy red & sza,2024
46.0,What Was I Made For?,billie eilish,2024
47.0,End Of Beginning,djo,2024
48.0,Lunch,billie eilish,2024
49.0,Never Lose Me,flo milli,2024
50.0,Lies Lies Lies,morgan wallen,2024
51.0,Type Shit,"future, metro boomin, travis scott & playboi carti",2024
52.0,Gata Only,floyymenor x cris mj,2024
53.0,Hot To Go!,chappell roan,2024
54.0,All I Want For Christmas Is You,mariah carey,2024
55.0,Get It Sexyy,sexyy red,2024
56.0,Made For Me,muni long,2024
57.0,Vampire,olivia rodrigo,2024
58.0,Whatever She Wants,bryson tiller,2024
59.0,Rockin' Around The Christmas Tree,brenda lee,2024
60.0,Pretty Little Poison,warren zeiders,2024
61.0,First Person Shooter,drake featuring j. cole,2024
62.0,Die With A Smile,lady gaga & bruno mars,2024
63.0,I Like The Way You Kiss Me,artemas,2024
64.0,Need A Favor,jelly roll,2024
65.0,Save Me,jelly roll with lainey wilson,2024
66.0,Euphoria,kendrick lamar,2024
67.0,Truck Bed,hardy,2024
68.0,Jingle Bell Rock,bobby helms,2024
69.0,Flowers,miley cyrus,2024
70.0,Where The Wild Things Are,luke combs,2024
71.0,Everybody,nicki minaj featuring lil uzi vert,2024
72.0,La Diabla,xavi,2024
73.0,Stargazing,myles smith,2024
74.0,Last Christmas,wham!,2024
75.0,I Am Not Okay,jelly roll,2024
76.0,Pour Me A Drink,post malone featuring blake shelton,2024
77.0,White Horse,chris stapleton,2024
78.0,Lil Boo Thang,paul russell,2024
79.0,Good Good,"usher, summer walker & 21 savage",2024
80.0,Act II: Date @ 8,4batz featuring drake,2024
81.0,High Road,koe wetzel & jessie murph,2024
82.0,Monaco,bad bunny,2024
83.0,IDGAF,drake featuring yeat,2024
84.0,Burn It Down,parker mccollum,2024
85.0,Fukumean,gunna,2024
86.0,Taste,sabrina carpenter,2024
87.0,Where It Ends,bailey zimmerman,2024
88.0,FTCU,nicki minaj,2024
89.0,Wildflower,billie eilish,2024
90.0,World On Fire,nate smith,2024
91.0,On My Mama,victoria monet,2024
92.0,"Yes, And?",ariana grande,2024
93.0,Exes,tate mcrae,2024
94.0,A Holly Jolly Christmas,burl ives,2024
95.0,Wind Up Missin' You,tucker wetmore,2024
96.0,Bulletproof,nate smith,2024
97.0,FE!N,travis scott featuring playboi carti,2024
98.0,The Painter,cody johnson,2024
99.0,Down Bad,taylor swift,2024
100.0,Dance The Night,dua lipa,2024
1.0,Die With A Smile,lady gaga & bruno mars,2025
2.0,Luther,kendrick lamar & sza,2025
3.0,A Bar Song (Tipsy),shaboozey,2025
4.0,Lose Control,teddy swims,2025
5.0,Birds Of A Feather,billie eilish,2025
6.0,Beautiful Things,benson boone,2025
7.0,Ordinary,alex warren,2025
8.0,I Had Some Help,post malone featuring morgan wallen,2025
9.0,APT.,rosé & bruno mars,2025
10.0,Pink Pony Club,chappell roan,2025
11.0,Love Somebody,morgan wallen,2025
12.0,Espresso,sabrina carpenter,2025
13.0,I'm The Problem,morgan wallen,2025
14.0,That's So True,gracie abrams,2025
15.0,TV Off,kendrick lamar featuring lefty gunplay,2025
16.0,Timeless,the weeknd & playboi carti,2025
17.0,Not Like Us,kendrick lamar,2025
18.0,Just In Case,morgan wallen,2025
19.0,Taste,sabrina carpenter,2025
20.0,Squabble Up,kendrick lamar,2025
21.0,30 For 30,sza & kendrick lamar,2025
22.0,Mutt,leon thomas,2025
23.0,Good News,shaboozey,2025
24.0,Nokia,drake,2025
25.0,Golden,"huntrix: ejae, audrey nuna & rei ami",2025
26.0,Wildflower,billie eilish,2025
27.0,What I Want,morgan wallen featuring tate mcrae,2025
28.0,Messy,lola young,2025
29.0,Stargazing,myles smith,2025
30.0,Love Me Not,ravyn lenae,2025
31.0,"Good Luck, Babe!",chappell roan,2025
32.0,No One Noticed,the marías,2025
33.0,All The Way,bigxthaplug featuring bailey zimmerman,2025
34.0,Too Sweet,hozier,2025
35.0,Worst Way,riley green,2025
36.0,Sailor Song,gigi perez,2025
37.0,Sorry I'm Here For Someone Else,benson boone,2025
38.0,Manchild,sabrina carpenter,2025
39.0,Anxiety,doechii,2025
40.0,I Got Better,morgan wallen,2025
41.0,Sticky,"tyler, the creator featuring glorilla, sexyy red & lil wayne",2025
42.0,Undressed,sombr,2025
43.0,I Never Lie,zach top,2025
44.0,Back To Friends,sombr,2025
45.0,Bed Chem,sabrina carpenter,2025
46.0,Sports Car,tate mcrae,2025
47.0,Mystical Magical,benson boone,2025
48.0,Whatchu Kno About Me,glorilla & sexyy red,2025
49.0,Indigo,sam barber featuring avery anna,2025
50.0,Please Please Please,sabrina carpenter,2025
51.0,DTMF,bad bunny,2025
52.0,Blue Strips,jessie murph,2025
53.0,Peekaboo,kendrick lamar featuring azchike,2025
54.0,Your Idol,saja boys,2025
55.0,High Road,koe wetzel featuring jessie murph,2025
56.0,Abracadabra,lady gaga,2025
57.0,Who,jimin,2025
58.0,Burning Blue,mariah the scientist,2025
59.0,All I Want For Christmas Is You,mariah carey,2025
60.0,Daisies,justin bieber,2025
61.0,Soda Pop,saja boys,2025
62.0,Like Him,"tyler, the creator featuring lola young",2025
63.0,Residuals,chris brown,2025
64.0,Smile,morgan wallen,2025
65.0,Last Christmas,wham!,2025
66.0,Am I Okay?,megan moroney,2025
67.0,Rockin' Around The Christmas Tree,brenda lee,2025
68.0,How It's Done,"huntrix: ejae, audrey nuna & rei ami",2025
69.0,Happen To Me,russell dickerson,2025
70.0,Baile Inolvidable,bad bunny,2025
71.0,Weren't For The Wind,ella langley,2025
72.0,I Ain't Comin' Back,morgan wallen featuring post malone,2025
73.0,Cry For Me,the weeknd,2025
74.0,Bad Dreams,teddy swims,2025
75.0,Denial Is A River,doechii,2025
76.0,BMF,sza,2025
77.0,Eoo,bad bunny,2025
78.0,I'm Gonna Love You,cody johnson & carrie underwood,2025
79.0,I Am Not Okay,jelly roll,2025
80.0,Backup Plan,bailey zimmerman & luke combs,2025
81.0,Jingle Bell Rock,bobby helms,2025
82.0,Revolving Door,tate mcrae,2025
83.0,What It Sounds Like,"huntrix: ejae, audrey nuna & rei ami",2025
84.0,Hard Fought Hallelujah,brandon lake & jelly roll,2025
85.0,Somebody Loves Me,partynextdoor & drake,2025
86.0,Liar,jelly roll,2025
87.0,Tu Boda,óscar maydon & fuerza regida,2025
88.0,After All The Bars Are Closed,thomas rhett,2025
89.0,Nuevayol,bad bunny,2025
90.0,20 Cigarettes,morgan wallen,2025
91.0,Rather Lie,playboi carti & the weeknd,2025
92.0,Free,ejae & andrew choi,2025
93.0,Takedown,"huntrix: ejae, audrey nuna & rei ami",2025
94.0,Heart Of A Woman,summer walker,2025
95.0,House Again,hudson westbrook,2025
96.0,Dark Thoughts,lil tecca,2025
97.0,No Pole,don toliver,2025
98.0,Folded,kehlani,2025
99.0,Superman,morgan wallen,2025
100.0,Loco,netón vega,2025
